current_train_id,original_loc_timestamp,train_file_address,train_service_code,toc_id,dep_timestamp,division_code,loc_stanox,train_id,original_loc_stanox,reinstatement_timestamp
,,IQ4,54606571,00,1522571580000,00,42159,42607J1D01,,1522554900000
,,,24787000,88,1522580820000,88,87625,872H16MI01,,1522579920000
,,,21702001,61,1522587900000,61,17132,171A31MM01,,1522582680000
,,,24620204,84,1522585350000,84,86087,871B27MH01,,1522585380000
,,,24676004,84,1522589700000,84,86935,865B27MN01,,1522586580000
,,,24787000,88,1522595760000,88,87637,872J60MQ01,,1522596540000
,,IVU,52406641,00,1522591560000,00,34111,34699JCO01,,1522597560000
,,IQN,22190008,00,1522600740000,00,01071,01569Z1L01,,1522597680000
,,IWW,55303021,00,1522601280000,00,16502,16490WCT01,,1522598040000
,,,24605004,80,1522602480000,80,89428,892W591U01,,1522602120000
,,,22350000,23,1522599780000,23,29030,292S131S01,,1522603500000
,,IY6,51426930,00,1522609560000,00,22038,22627KCY01,,1522605060000
,,J0N,51300230,00,1522658160000,00,79780,34402XC002,,1522643340000
,,,25445000,71,1522649700000,71,78381,782B00M602,,1522650000000
,,,12362822,23,1522651710000,23,33087,321N531602,,1522652040000
,,,21724000,88,1522653540000,88,54299,542B081A02,,1522652760000
,,J9Q,51461780,54,1522643340000,54,26216,264R75C402,,1522652940000
,,JIZ,56460581,54,1522654620000,54,23451,230Z752B02,,1522653420000
,,,13560015,60,1522649100000,60,04010,042M17M602,,1522653600000
,,,23576003,60,1522653930000,60,03401,042P51M602,,1522653960000
,,,22720001,88,1522653240000,88,63201,622J171A02,,1522655220000
,,,22721000,88,1522664940000,88,87920,872W281G02,,1522658100000
,,JLN,51464980,54,1522681080000,54,23451,234R241P02,,1522659540000
,,,11830920,23,1522658820000,23,16416,162C15MD02,,1522660380000
,,JK2,56461883,54,1522660380000,54,13006,136N86CE02,,1522662840000
,,JK2,56461883,54,1522660380000,54,13006,136N86CE02,,1522663860000
,,JRL,54761000,54,1522663140000,54,45112,450L60CF02,,1522663860000
,,JRW,51463180,54,1522675680000,54,23451,234R822M02,,1522664160000
,,JRW,51463180,54,1522675680000,54,23451,234R822M02,,1522664220000
,,,22334000,71,1522664940000,71,64224,641J09MG02,,1522665120000
,,,21920000,21,1522665300000,21,52741,522O221H02,,1522665660000
,,,21920000,21,1522669140000,21,51702,512O251J02,,1522665660000
,,JRT,55460181,54,1522679700000,54,66219,664L22CP02,,1522673940000
,,JR4,56661501,00,1522678260000,00,70215,88503A2K02,,1522680180000
,,,13560015,60,1522679160000,60,06109,062H42MO02,,1522681680000
,,,11825820,23,1522683840000,23,25701,222P73MO02,,1522685640000
,,,22788002,88,1522688280000,88,87201,875B881T02,,1522690680000
,,,21801000,23,1522690200000,23,15671,152D47MV02,,1522690860000
,,,13569815,60,1522700640000,60,07011,072G86MZ02,,1522700700000
,,,25486001,25,1522699260000,25,68076,682B97MZ02,,1522701720000
,,,11820820,23,1522699080000,23,17011,172S54MY02,,1522702980000
,,,11803920,23,1522708860000,23,25701,252B66M802,,1522704540000
,,,11803920,23,1522703880000,23,18474,182B59M702,,1522704540000
,,K76,55660305,34,1522710720000,34,72027,726Z502902,,1522706400000
,,,11870820,23,1522709340000,23,17132,175V63M802,,1522706880000
,,,22334000,71,1522707090000,71,65043,641G75MY02,,1522709880000
,,KTZ,95998090,00,1522733100000,00,23430,23623SC503,,1522734360000
,,,13560015,60,1522734300000,60,06350,062H98M503,,1522735080000
,,,21381008,33,1522740780000,33,50336,505C21MB03,,1522736040000
49078W1603,,KVS,50510170,00,1522735740000,00,49200,49482Z1603,,1522737300000
,,,23563015,60,1522736640000,60,07466,072S05M603,,1522738440000
,,,12355820,23,1522739820000,23,30120,302H041A03,,1522739160000
,,,24787000,88,1522740960000,88,87601,872J77MB03,,1522740360000
,,,24784000,88,1522740060000,88,87201,872P33MA03,,1522740420000
,,KYB,52155420,00,1522740000000,00,15665,15667SCA03,,1522745640000
,,,11874020,23,1522749360000,23,17132,172J15MF03,,1522747500000
,,,22721000,88,1522746600000,88,87701,871W14MC03,,1522747620000
,,,11871821,23,1522747140000,23,17132,172M04ME03,,1522748760000
,,,22721000,88,1522753500000,88,87980,871W26MI03,,1522752660000
,,LCL,54606070,00,1522757580000,00,70074,70476ACK03,,1522754940000
,,EGT,59430442,00,1522304460000,00,64224,79669UC029,,1522755300000
,,,12305012,64,1522754460000,64,38001,382W20MI03,,1522756620000
,,,22722000,88,1522755480000,88,87671,872V40MJ03,,1522758960000
,,,22722000,88,1522760880000,88,87671,872V52MM03,,1522761060000
,,,25507005,25,1522475400000,25,73000,731D07M531,,1522761180000
,,LFG,56230736,00,1522757880000,00,56590,56664U1K03,,1522761180000
,,,22722000,88,1522759080000,88,87671,872V48ML03,,1522763100000
,,LFZ,59406441,00,1522769100000,00,85423,85670UCQ03,,1522763160000
,,,11808920,23,1522766460000,23,25701,251W42MP03,,1522768740000
,,LTG,51464580,54,1522773780000,54,09511,096G772T03,,1522775280000
,,LMA,55303021,00,1522772100000,00,21249,21649VCS03,,1522776000000
,,,24745000,88,1522777440000,88,87089,872A65MV03,,1522776060000
,,LDG,55303021,00,1522773720000,00,16502,16480ACT03,,1522776420000
,,,25397003,25,1522775220000,25,73000,731J91MU03,,1522777320000
,,LIV,56661501,00,1522767300000,00,50422,50579A2P03,,1522780440000
,,LQL,56030020,00,1522774800000,00,35507,35190HMU03,,1522781820000
,,,24745000,88,1522782240000,88,87722,872D88MY03,,1522782420000
,,LV7,59120020,00,1522783320000,00,74706,74649WCY03,,1522785060000
,,LMK,55303021,00,1522780260000,00,18001,18428BCX03,,1522785720000
,,LIV,56661501,00,1522767300000,00,50422,50579A2P03,,1522786860000
,,,21700001,61,1522783920000,61,16416,041E24MU03,,1522787340000
,,LP8,54606070,00,1522774800000,00,86531,86436BCU03,,1522788960000
,,LP8,54606070,00,1522774800000,00,86531,86436BCU03,,1522789500000
,,LX6,56661501,00,1522784100000,00,50422,50599A3Y03,,1522790160000
,,LQS,56030020,00,1522795500000,00,72232,72192HM803,,1522798260000
,,,25516005,25,1522796340000,25,73000,732R80M903,,1522798620000
,,LWI,95998790,00,1522789320000,00,04720,04659WC703,,1522798620000
,,LWF,55303021,00,1522794060000,00,18001,18474BC803,,1522807020000
,,M0F,51464581,54,1522789980000,54,89366,896Y88C703,,1522822980000
,,,21726000,88,1522830960000,88,53104,532R35MD04,,1522827180000
,,,12259320,29,1522826490000,29,69202,651Y86M604,,1522827720000
,,MHN,52155420,00,1522836120000,00,15400,15626ZCA04,,1522828200000
,,,24671305,84,1522318500000,84,87212,872R21MG29,,1522830060000
,,MPJ,52406842,00,1522826760000,00,35550,35606A2A04,,1522830600000
,,MW8,55303021,00,1522830300000,00,16502,16093A1C04,,1522831980000
,,,24749000,88,1522826310000,88,87751,871E08M604,,1522833180000
,,N1W,51200130,00,1522836660000,00,16502,16017B1G04,,1522833900000
,,,25466001,25,1522833360000,25,81700,812K12ME04,,1522834500000
,,,25466001,25,1522835760000,25,81211,812K13MF04,,1522834740000
,,,24620104,84,1522420500000,84,87212,871W29MP30,,1522835460000
,,MV8,55303021,00,1522840860000,00,18018,18088A1I04,,1522836000000
,,MVK,55303021,00,1522846140000,00,18018,18090A1L04,,1522836060000
,,,24673405,84,1522478730000,84,87400,872M10M631,,1522836360000
,,N1S,51463180,54,1522842780000,54,23451,264R70CE04,,1522837740000
,,,24673605,84,1522517190000,84,87171,862F52MU31,,1522838040000
,,,25905000,86,1522837620000,86,73767,731Y43MG04,,1522839660000
,,,25905000,86,1522839300000,86,73000,731T47MH04,,1522839720000
,,MV8,55303021,00,1522840860000,00,18018,18088A1I04,,1522839780000
,,,23584003,60,1522841220000,60,04824,042Y11MI04,,1522840320000
,,N4W,51464880,54,1522856940000,54,36322,366L48CR04,,1522840800000
,,,13577015,60,1522412760000,60,08618,081A66MK30,,1522842960000
,,MRZ,50510170,00,1522844580000,00,49202,49066ACK04,,1522843200000
,1522827720000,,24605000,80,1522827720000,80,88201,892W90M604,88483,1522843380000
,,,25471001,25,1522840200000,25,86981,862V90MI04,,1522843680000
,,,12220821,23,1522844100000,23,18474,182F83MK04,,1522845060000
,,,25462001,25,1522846380000,25,83631,832U20ML04,,1522846500000
,,,22721000,88,1522848600000,88,87941,879J581N04,,1522848540000
,,MRZ,50510170,00,1522844580000,00,49202,49066ACK04,,1522849080000
,,MZA,54606570,00,1522837500000,00,83006,83637BCG04,,1522849980000
,,,24655005,80,1522712100000,80,88401,882S801902,,1522851960000
,,,11798001,56,1522853250000,56,14034,122I09MN04,,1522856940000
,1522716210000,,24605004,80,1522716210000,80,89451,882R782902,89743,1522858320000
,,MPP,52495111,00,1522842000000,00,88455,88101ICJ04,,1522859100000
,,,11819020,23,1522862160000,23,17132,172V50MU04,,1522859760000
,,,25460001,25,1522861200000,25,77301,772C85MU04,,1522861680000
,,,25466001,25,1522862100000,25,81240,812K35MU04,,1522862220000
,,,25442000,71,1522862220000,71,78144,782M44MR04,,1522864080000
,,,24788005,88,1522874820000,88,87201,875T74MZ04,,1522866540000
,,MX7,52660490,00,1522849500000,00,10204,10605B1N04,,1522866780000
,,,13560015,60,1522866240000,60,06301,062M40MW04,,1522866960000
,,NDG,57120820,00,1522868400000,00,87235,87734XCY04,,1522875240000
,,MX7,52660490,00,1522849500000,00,10204,10605B1N04,,1522876200000
,,NVR,57121020,00,1522878480000,00,88450,88618FC704,,1522876320000
,,,11792920,23,1522876200000,23,15449,152W80M704,,1522882620000
,,,22216001,30,1522880460000,30,72271,725O72M804,,1522884360000
,,P3N,56461882,54,1522893300000,54,36108,366E37C105,,1522890360000
,,P0Y,52496101,00,1522886220000,00,21212,21005DC904,,1522893180000
,1522910010000,,21723000,88,1522910010000,88,54311,532K06M505,54291,1522910940000
,,PDD,52407520,00,1522908840000,00,09150,09660HC605,,1522914180000
,,,26936004,79,1522913820000,79,51013,511B19MB05,,1522914960000
,,,26936004,79,1522910460000,79,51001,511F67M605,,1522915140000
,,,21936004,79,1522915140000,79,52711,522F22MB05,,1522915800000
,,,21936004,79,1522917120000,79,52711,521F68MD05,,1522917240000
,,04M,53790120,00,1522923420000,00,22029,22658ICG05,,1522917840000
,,,26936004,79,1522918140000,79,51001,511B41MD05,,1522918080000
,,,21936004,79,1522922640000,79,52711,522B74MG05,,1522918080000
86064ECE05,,031,52495100,00,1522918860000,00,86090,86636ICE05,,1522920300000
,,,25516005,25,1522917840000,25,74005,741P97MD05,,1522920420000
,1522831950000,,25466001,25,1522831950000,25,81258,812K09MD04,81260,1522923600000
,,,25466001,25,1522858590000,25,81259,812K31MR04,,1522924020000
,,,22720001,88,1522928640000,88,63201,632O53MJ05,,1522924320000
,,,22722000,88,1522933620000,88,87671,872O54MM05,,1522924380000
,,03A,55460084,54,1522919100000,54,07268,075D73ME05,,1522926600000
,,,25375002,25,1522930140000,25,81109,731B25MH05,,1522930800000
,,04Q,51464582,54,1522920120000,54,61102,616E89CE05,,1522930980000
79077ECG05,,08R,57622770,00,1522934010000,00,76110,79612JCG05,,1522932720000
,,,25370002,25,1522329060000,25,81700,735Z742F29,,1522933500000
,,,13560015,60,1522931820000,60,06121,062E54ML05,,1522935000000
49684KCR05,,082,54606070,00,1522943160000,00,49136,49461GCR05,,1522936080000
,,,25370002,25,1522942200000,25,73000,731C20MR05,,1522942740000
,,,21920000,21,1522946340000,21,51702,512O45MT05,,1522945860000
,,0FL,54606070,00,1522952460000,00,49136,49494GCW05,,1522946520000
,,0S5,56120631,00,1522956000000,00,48304,48632LCY05,,1522949940000
,,,12224110,23,1522953540000,23,31510,312F86MX05,,1522950060000
,,,11818620,23,1522948140000,23,17132,172P62MU05,,1522950060000
,,,11818620,23,1522948140000,23,17132,172P62MU05,,1522950720000
23043FCM05,1522954620000,0L9,54606570,00,1522954620000,00,66402,23427HCM05,66323,1522953720000
,,,22100001,65,1522953270000,65,69215,729G35MU05,,1522953720000
,,,12974820,23,1522953840000,23,30120,305U791X05,,1522958640000
,,0QQ,51426930,00,1522953540000,00,21244,21614LCX05,,1522961940000
,,,22300000,29,1522967640000,29,36151,362K97M805,,1522962480000
,,,12259320,29,1522964040000,29,65630,652Y28M705,,1522964280000
,1522955790000,,24657000,80,1522886400000,80,88522,882N62MX05,88464,1522964280000
,,,12259320,29,1522965240000,29,65630,652Y82M705,,1522964520000
,,,24657005,80,1522960290000,80,88464,882N68MY05,,1522964940000
,,0WK,56030020,00,1522971000000,00,35507,72145IMY05,,1522967760000
,,,22209000,29,1522962780000,29,72410,721Y87M705,,1522968300000
,,127,95998090,00,1522962720000,00,07277,07812K2705,,1522975440000
,,1IV,51463180,54,1522989900000,54,21239,216H741406,,1522983060000
,,1BK,57622670,00,1522977840000,00,22016,22669NC106,,1522985520000
,,1LP,54606570,00,1522987200000,00,23445,23031H2406,,1522987140000
,1522988190000,0TF,51426030,00,1522988190000,00,25012,79644LCY05,25011,1522989720000
,,0WE,51300230,00,1523003760000,00,79780,34475H1905,,1522989780000
,,,22100001,65,1522998300000,65,65043,651R14MA06,,1522992060000
,,,25517005,25,1522996530000,25,74237,741K05M606,,1522994460000
,,,11870820,23,1522999800000,23,09531,092H99MB06,,1522997760000
,,,24788005,88,1522993920000,88,86451,865H07M506,,1522998240000
,,,25506005,25,1523001000000,25,74313,741P15MB06,,1523000340000
,,,12232820,23,1522874760000,23,42142,425H42MZ04,,1523005860000
74600QCF06,,1VF,56609010,00,1523007780000,00,74433,74443JCF06,,1523011080000
,,246,59155220,00,1523027640000,00,73416,73035ICQ06,,1523018220000
,,,24659005,80,1523022960000,80,88403,882E83MN06,,1523019960000
,,1YZ,59122720,00,1523020920000,00,51197,51658Q1M06,,1523021040000
,,,25392003,25,1523018610000,25,67116,731W01MG06,,1523021640000
,,,22218000,30,1523022660000,30,52074,529N32MN06,,1523021820000
,,23J,54606070,00,1523029560000,00,49136,49470JCR06,,1523022600000
,,23J,54606070,00,1523029560000,00,49136,49470JCR06,,1523023080000
,,22Q,54606070,00,1523027700000,00,42159,42466JCQ06,,1523026260000
,,2CP,54606070,00,1523040120000,00,36405,36409KCX06,,1523026500000
,,2FV,59120020,00,1523029080000,00,86036,86779YCR06,,1523026740000
,,,21796000,23,1523029440000,23,12931,122W46MR06,,1523028300000
,,,24658005,80,1522933560000,80,87601,892A36MJ05,,1523028720000
,1522936740000,,24605004,80,1522936740000,80,87609,892W40MK05,88483,1523028780000
,,,24658005,80,1522935360000,80,87601,892A38MK05,,1523029320000
,1522935480000,,24658005,80,1522935480000,80,88403,892A38MK05,88386,1523029500000
,,,23563015,60,1523029140000,60,06301,062C06MR06,,1523030100000
,,,24658005,80,1522953360000,80,87601,892A58MU05,,1523031300000
,,,24657005,80,1522952010000,80,87601,882D92MV05,,1523031660000
,,,13560015,60,1523030820000,60,06121,062E68MS06,,1523031720000
,,,24653005,80,1522951860000,80,87601,882K94MV05,,1523031900000
,,,21737000,23,1523032740000,23,30120,301B29MS06,,1523034480000
,,,12302012,64,1523040180000,64,35001,352U53MX06,,1523042280000
,,,13560015,60,1523046240000,60,04303,042H49MZ06,,1523048700000
,,2EC,51300230,00,1523061120000,00,79780,78629SCR06,,1523049840000
,,,22109001,65,1523047680000,65,36151,361A74MZ06,,1523050080000
,,2IU,59120020,00,1523044200000,00,87802,87784YCY06,,1523050260000
,,,22100001,65,1523051100000,65,65043,651B45M706,,1523050560000
,,2V1,54606070,00,1523052540000,00,07311,07493KC806,,1523053080000
,,2J9,54606070,00,1523056440000,00,49136,49441KC906,,1523054520000
,,,13575825,60,1523054010000,60,03401,062N47M706,,1523055600000
,,,13575825,60,1523054010000,60,03401,062N47M706,,1523055660000
,,,23542003,60,1523053290000,60,01044,012H76M806,,1523058000000
,,,22112002,65,1523056620000,65,32000,325H75M906,,1523066040000
,,,22112002,65,1523061120000,65,42140,425K77M007,,1523066040000
,,,22215003,30,1523070000000,30,52051,529G87M307,,1523068860000
,,,25467001,25,1523083440000,25,81700,812C43M607,,1523090280000
,,,24623404,84,1523093940000,84,82101,821O32MD07,,1523090460000
,,3EZ,59120020,00,1523106540000,00,73250,73621W1M07,,1523091360000
,,3HL,55460181,54,1523097240000,54,49139,494M23CH07,,1523092620000
72065LCN07,,,57610314,00,1523107920000,00,72027,72683WCN07,,1523100960000
,,3LX,55463484,54,1523119440000,54,36110,366Z441T07,,1523101440000
,,2EN,51464682,54,1523041140000,54,70351,706Z491W06,,1523102760000
,,,12224110,23,1523087760000,23,35111,355J62MB07,,1523103660000
,,,12224110,23,1523091000000,23,35111,355J04MD07,,1523103660000
,,3HG,55460182,54,1523107020000,54,33099,334E21CM07,,1523104380000
,,,21936004,79,1523106540000,79,51001,512B35MM07,,1523106720000
,,,21801000,23,1523100360000,23,15625,152D26MG07,,1523107320000
,,,12248822,23,1523106000000,23,33087,321F97ML07,,1523107740000
,,,22304003,64,1523111370000,64,36076,362G50MO07,,1523112780000
,,,25467001,25,1523110860000,25,81700,832U18MM07,,1523112960000
,,,22214000,30,1523112510000,30,72413,872N02MO07,,1523113140000
,,,22722000,88,1523120400000,88,87245,872O89MS07,,1523114460000
,,,22722000,88,1523122620000,88,87671,872O90MV07,,1523114460000
,,,25506005,25,1523117820000,25,74446,742M44MR07,,1523118000000
,,,12302012,64,1523116680000,64,35001,352U42MR07,,1523118300000
,,,25530004,74,1523117520000,74,66409,661H51MS07,,1523118780000
,,,23576003,60,1523124180000,60,04303,042P37MW07,,1523124540000
,,,24783000,88,1523128020000,88,87706,872G84MY07,,1523126880000
,,3PH,55460181,54,1523128860000,54,49420,490E04CY07,,1523129220000
,,,24969000,88,1523131200000,88,87911,871U29MZ07,,1523131560000
,,,24745000,88,1523129220000,88,87601,872C99MY07,,1523132700000
,,,12291820,23,1523129940000,23,36151,365C23MY07,,1523133660000
,,,22180014,27,1523130900000,27,81109,321V65MU07,,1523134260000
,,,25432000,71,1523133000000,71,42140,801W71MQ07,,1523136840000
,,,24747000,88,1523142540000,88,87201,871A34M907,,1523141160000
,,3YX,52407548,00,1523142660000,00,05077,05056MC907,,1523145720000
,,,12355820,23,1523145900000,23,30120,305L15M008,,1523148900000
,,3YL,53693601,00,1523144700000,00,86030,86640Y1907,,1523151960000
,,,24784000,88,1523176620000,88,87706,872P11MD08,,1523172360000
,,,23548003,60,1523176200000,60,06401,061R26MD08,,1523175240000
,,,24784000,88,1523176620000,88,87706,872P11MD08,,1523177520000
,,49I,54761000,54,1523199780000,54,45112,450G662Q08,,1523204640000
,,,25397003,25,1523203980000,25,85734,851A95MS08,,1523205420000
,,,23576003,60,1523207220000,60,04303,042P82MU08,,1523207580000
,,,25392003,25,1523212200000,25,76357,761P81MX08,,1523211840000
,,,22350000,23,1523145600000,23,30120,305U741P08,,1523213040000
,,,21700001,61,1523209800000,61,12931,541S22MQ08,,1523213580000
,,,25397003,25,1523213820000,25,73000,731C95MX08,,1523217300000
,,4DG,51463180,54,1523218320000,54,23451,234R72CZ08,,1523217480000
,,,25370002,25,1523221050000,25,81700,731C27MY08,,1523222400000
,,,22216000,30,1523227020000,30,72410,722D46M808,,1523228040000
,,,22209000,29,1523223000000,29,72410,722Y71M708,,1523228220000
,,,25438000,71,1523229300000,71,77301,792B89M708,,1523232180000
,,,21913000,21,1523225580000,21,52741,522H68M808,,1523237760000
,1523186430000,,25390003,25,1523186430000,25,74314,731G22MG08,74327,1523258760000
,,4F9,51300230,00,1523262960000,00,79780,34422NC009,,1523260860000
,,4F9,51300230,00,1523262960000,00,79780,34422NC009,,1523260860000
,,,22747100,88,1523265060000,88,87601,871B13ME09,,1523261340000
,,,23563015,60,1523266770000,60,06301,062C22MF09,,1523268600000
,,563,23556003,35,1523261460000,35,07257,075S26MC09,,1523268900000
,,,22270000,28,1523142420000,28,48221,485R82M907,,1523271300000
,,,13575825,60,1523270880000,60,06401,062N49MH09,,1523271720000
,,,23575903,60,1523275980000,60,03161,032N44MK09,,1523271780000
,,,13560015,60,1523271180000,60,06301,062M34MH09,,1523272140000
,,,23563015,60,1523272350000,60,07479,072L21MI09,,1523273460000
,,,25470001,25,1523120040000,25,81700,861F24MO07,,1523277420000
,,,25375002,25,1523114760000,25,77301,791L71MO07,,1523277660000
,,,25375002,25,1523117340000,25,81109,731B46MP07,,1523277720000
,,5G4,51426930,00,1523289720000,00,77090,77641FCS09,,1523279040000
,,,12233820,23,1523284440000,23,42140,422A89MP09,,1523280480000
,,5HL,54761000,54,1523292120000,54,46200,460E57CT09,,1523280480000
,,,25482001,25,1523116380000,25,83475,832E37MR07,,1523281080000
,,59R,53790121,00,1523260800000,00,89790,89839K2C09,,1523281680000
,,,25462001,25,1523114520000,25,83435,832F37MO07,,1523283420000
,1523285640000,56P,59430641,00,1523285640000,00,76470,79640ECJ09,76110,1523284020000
,,,25471001,25,1523090460000,25,81700,822E17MA07,,1523284320000
,,,25392003,25,1523216100000,25,67116,761P81MX08,,1523286000000
,,,25488001,25,1523218500000,25,81501,812Z821Z08,,1523286300000
,,,25519007,25,1523229720000,25,74237,742K94M908,,1523286840000
,,5GH,51464580,54,1523292180000,54,09511,096D771T09,,1523290200000
,,,21796000,23,1523295840000,23,12931,122W64MV09,,1523294460000
,,5TS,59120043,00,1523301720000,00,74706,74689G2Y09,,1523296500000
,,,11792920,23,1523298720000,23,15449,152W72MX09,,1523297880000
,,,21796000,23,1523299380000,23,13316,132N50MX09,,1523298660000
,,,24650000,80,1523298270000,80,88415,882M59MW09,,1523299260000
,,,21939001,21,1523300100000,21,50049,501F69MX09,,1523301000000
,,5TR,53693903,00,1523303100000,00,86033,86690G1Y09,,1523302740000
,,,21799000,23,1523301540000,23,16416,165A60MY09,,1523303220000
,,5SW,51400330,00,1523298180000,00,21204,21020Q2W09,,1523304540000
,,5Q8,53790121,00,1523298060000,00,88730,88781ZCW09,,1523304600000
,,5LI,51425330,00,1523292840000,00,15681,15699FCT09,,1523304840000
,,,22272000,29,1523302800000,29,65315,652N87MY09,,1523305020000
,,,25470001,25,1523305800000,25,77301,771F37MZ09,,1523308080000
,,667,56661501,00,1523322900000,00,73228,73542F2110,,1523314260000
,,634,52155420,00,1523322690000,00,15400,15606IC909,,1523314440000
,,,25375002,25,1523307120000,25,73000,735L90MZ09,,1523314620000
,,66B,56661501,00,1523331900000,00,73228,73085Q2310,,1523326320000
,,66R,51412630,00,1523317380000,00,21204,21088QC909,,1523328180000
,,6AK,54606070,00,1523332200000,00,66402,66429QC310,,1523331180000
,,6AK,54606070,00,1523332200000,00,66402,66429QC310,,1523332500000
,,6D1,53790125,00,1523328300000,00,74314,74634J2210,,1523340060000
,,6D1,53790125,00,1523328300000,00,74314,74634J2210,,1523341380000
,,6MP,56030020,00,1523342400000,00,72232,72111JM610,,1523342340000
,,6JQ,51461780,54,1523346030000,54,23451,264R75C410,,1523343600000
,,6KU,51464980,54,1523354940000,54,23451,234R79CG10,,1523343600000
,,,25460001,25,1523343960000,25,81524,815Y05MA10,,1523345940000
,,,22350000,23,1523344980000,23,30120,305B111A10,,1523347500000
,,,22350000,23,1523344560000,23,30127,305B111A10,,1523347620000
,,6W8,54761000,54,1523353200000,54,89366,890Y68CF10,,1523349180000
,,6TP,55303021,00,1523350080000,00,18018,18091R1D10,,1523350500000
,,6Y9,54761000,54,1523346660000,54,89366,896Y50CB10,,1523351880000
,,6D6,55460480,54,1523331240000,54,49413,496P40C310,,1523351940000
,,6YX,51464581,54,1523367600000,54,44216,446M561N10,,1523352960000
,,,21700001,61,1523367000000,61,04303,041E17MN10,,1523354160000
,,,21151900,23,1523350380000,23,09161,092H85MD10,,1523354520000
,,,21724000,88,1523347860000,88,53241,542F12MA10,,1523358300000
,,,25470001,25,1523310900000,25,81700,861F34MY09,,1523358780000
,,,25470001,25,1523307240000,25,81700,861F32MW09,,1523358840000
,,,25470001,25,1523314440000,25,81700,861F36MZ09,,1523359200000
,,6VS,55303021,00,1523359440000,00,18018,18099R1I10,,1523359500000
,,6VU,55303021,00,1523371800000,00,18018,18001SCP10,,1523359560000
,,,11830920,23,1523359740000,23,17132,172C26MI10,,1523361180000
,,6VS,55303021,00,1523359440000,00,18018,18099R1I10,,1523361420000
,,,12224820,23,1523362140000,23,31510,315J08MK10,,1523362920000
,,,11874020,23,1523363100000,23,31510,312U27MK10,,1523363700000
,,6XI,53790121,00,1523347200000,00,89790,89849K2C10,,1523364000000
,,,12299820,23,1523365410000,23,35136,361N851K10,,1523365860000
,,,12249820,23,1523370600000,23,30120,301F071P10,,1523366040000
,,70J,54606070,00,1523362380000,00,70074,70455RCK10,,1523369100000
,,,13571015,60,1523369400000,60,08198,081T16MN10,,1523370060000
,,,25434000,71,1523369310000,71,42140,321V44MN10,,1523372820000
,,,24659000,80,1523295540000,80,87601,882O95MS09,,1523373540000
,,6YZ,56460581,54,1523368560000,54,89363,450O65CF10,,1523373660000
,,773,72030206,00,1523372640000,00,74003,74594F1Q10,,1523376120000
,,,24784000,88,1523381580000,88,87201,872R94MV10,,1523376960000
,,,24784000,88,1523385300000,88,87692,872R63MX10,,1523377020000
,,,24788005,88,1523380320000,88,87237,875R94MU10,,1523377200000
,,7GT,54606070,00,1523382420000,00,17184,17432SCV10,,1523378520000
,,,22721000,88,1523378100000,88,87980,871W96MT10,,1523378640000
,,70J,54606070,00,1523362380000,00,70074,70455RCK10,,1523380020000
,,6VU,55303021,00,1523371800000,00,18018,18001SCP10,,1523380020000
,,,21801000,23,1523381400000,23,15866,152D60MV10,,1523381100000
,,,21801000,23,1523384940000,23,15671,152D51MW10,,1523381160000
,,,21781002,21,1523383800000,21,52741,521P54MW10,,1523383680000
,,7LN,57622970,00,1523404020000,00,34101,34646O2910,,1523388180000
,,7P8,95998790,00,1523396100000,00,04720,04677O1710,,1523391420000
,,,24602004,80,1523391360000,80,88288,885H97MZ10,,1523391780000
,,7HA,56120623,00,1523401020000,00,70102,70435SC810,,1523397240000
,,7TL,52155420,00,1523409090000,00,15400,15630PC910,,1523400840000
,,,21381008,33,1523411520000,33,73000,735Z621111,,1523410260000
,,83W,56661501,00,1523415780000,00,57442,57539G1311,,1523416620000
,,81W,56120620,00,1523413260000,00,59011,59650QC311,,1523417820000
,,,25516005,25,1523424420000,25,74247,745H06M511,,1523425320000
,,8CK,51412630,00,1523430900000,00,21204,21699RCA11,,1523428260000
,,8BS,95998501,00,1523425500000,00,54210,54386AC511,,1523428500000
,,,24936004,79,1523430420000,79,52711,522D10MA11,,1523431920000
,,,24936004,79,1523432220000,79,52711,522D12NB11,,1523434140000
,,,24655005,80,1523436360000,80,88401,885J92MD11,,1523436060000
,,,28936004,79,1523437170000,79,51531,512R77MC11,,1523437380000
,,7ZK,51465080,54,1523420880000,54,72027,726S94C411,,1523437740000
,,8NZ,51580100,50,1523433600000,50,32212,326J143C11,,1523438160000
,,,12325021,28,1523440650000,28,56225,552W06ME11,,1523444340000
,,8EH,56661501,00,1523433600000,00,59101,59552G1C11,,1523444700000
,,,24786000,88,1523451090000,88,87713,871P25MK11,,1523452500000
,,,22721000,88,1523457720000,88,87601,871B35MP11,,1523453940000
,,8VJ,51413930,00,1523455500000,00,17116,17623UCO11,,1523454360000
,,,12362822,23,1523454840000,23,33087,301U651M11,,1523454840000
,,7SV,52495100,00,1523425410000,00,03140,03695U1411,,1523459640000
,,8RI,56030020,00,1523449260000,00,42123,42567G1K11,,1523460360000
,,,25375002,25,1523332740000,25,79304,791L05M310,,1523461680000
,,904,56661501,00,1523461380000,00,50422,50586G2R11,,1523462700000
,,,22721000,88,1523463120000,88,87601,871B41MS11,,1523464500000
,,,21936004,79,1523467020000,79,51531,512B17MT11,,1523467920000
,,98Z,59122747,00,1523479440000,00,74706,74686VCZ11,,1523469180000
,,91J,56120633,00,1523477820000,00,59011,59690UCZ11,,1523469180000
,,98Z,59122747,00,1523479440000,00,74706,74686VCZ11,,1523469240000
,,98Z,59122747,00,1523479440000,00,74706,74686VCZ11,,1523469300000
,,95Z,59120020,00,1523469000000,00,75243,75741BCV11,,1523469600000
,,,24969000,88,1523475840000,88,87201,871D30MY11,,1523469780000
,,,24969000,88,1523478600000,88,87911,871U33MZ11,,1523469780000
,,,24969000,88,1523481300000,88,87201,871D42M711,,1523469780000
,,,24969000,88,1523484180000,88,87911,871U47M811,,1523469780000
,,,22112002,65,1523473620000,65,30120,305R211Y11,,1523470260000
,,97J,54606070,00,1523468820000,00,17184,17434VCV11,,1523471220000
,,,28936004,79,1523472900000,79,52711,522R28MX11,,1523472600000
,,,25484001,25,1523472600000,25,67214,672T97MX11,,1523473440000
,,,21796000,23,1523472180000,23,13316,132N50MX11,,1523473860000
,,95B,52490470,00,1523485320000,00,04848,04638V1811,,1523478300000
,,9KX,51610410,00,1523486400000,00,22040,22484V2811,,1523490300000
,,95H,52406840,00,1523497260000,00,35550,07642VCV11,,1523497560000
,,,13560015,60,1523485470000,60,06136,042H49MZ11,,1523498760000
,,9T2,95998501,00,1523495160000,00,45107,45344BC112,,1523502120000
,,8FT,52406842,00,1523455500000,00,02061,02677ZCO11,,1523507640000
,,A4G,95998501,00,1523511900000,00,54210,54353BC512,,1523514660000
,,,25530004,74,1523510100000,74,69410,695U00M512,,1523518140000
,,AB4,52495117,00,1523521800000,00,57421,57154J2D12,,1523518800000
,,,12232820,23,1523518680000,23,32000,322K32MB12,,1523519280000
,,,12232820,23,1523522940000,23,32581,322H45MD12,,1523519340000
,,AB6,53693803,00,1523527800000,00,36408,36651A1G12,,1523526180000
,,,12299820,23,1523528820000,23,36151,362O97MG12,,1523528160000
,,,12236820,23,1523533440000,23,33087,332O81MJ12,,1523528220000
,,,24658005,80,1523532240000,80,89011,892A34MI12,,1523528760000
,,,13560015,60,1523528160000,60,07327,072E67MG12,,1523529900000
,,,24784000,88,1523529780000,88,87201,872Y89MH12,,1523531220000
,,AB8,53693803,00,1523535360000,00,79703,79784B2K12,,1523532540000
,,AG7,54761000,54,1523530320000,54,23430,236M73CH12,,1523532960000
,,,25484001,25,1523485680000,25,67116,672G99M811,,1523533080000
,,,25484001,25,1523482470000,25,68089,812E29MZ11,,1523533980000
,,,25462001,25,1523445900000,25,83447,832F21MG11,,1523535000000
,,AIV,57120820,00,1523539440000,00,88735,88700CCM12,,1523537040000
,,AMF,52160345,00,1523547360000,00,46263,46676B1R12,,1523540640000
,,AC1,52660490,00,1523540700000,00,10204,10661A1N12,,1523542440000
,,,22722000,88,1523543820000,88,87671,872O66MP12,,1523546460000
,,AQE,57622670,00,1523545440000,00,21186,21603CCQ12,,1523547300000
,,,12349820,23,1523524740000,23,29143,295B34ME12,,1523547600000
,,ATZ,59120020,00,1523549940000,00,74552,74640C1S12,,1523547960000
,,AXU,59120020,00,1523553480000,00,74439,74690C1U12,,1523548080000
,,AMV,57620780,00,1523551140000,00,21218,21679BCT12,,1523550240000
,,AYS,51425430,00,1523550060000,00,21244,21603D2S12,,1523550480000
,,,25920000,21,1523552160000,21,52741,522O90MT12,,1523552040000
,,,21913000,21,1523553300000,21,47214,472H51MU12,,1523552520000
,,,22354000,23,1523547180000,23,11720,112C43MR12,,1523552880000
,,,25913000,21,1523556420000,21,52741,521H86MW12,,1523554680000
,,AM8,59360541,00,1523551980000,00,79780,79673BCN12,,1523557260000
,,AXB,51426930,00,1523550420000,00,23432,23049ZCS12,,1523558340000
,,AX6,56461882,54,1523553420000,54,36108,366E24CU12,,1523558520000
,,,12357820,23,1523541570000,23,11525,112T372N12,,1523568720000
,,B6F,55463783,54,1523568780000,54,89366,890Y631712,,1523569980000
,,,12298820,23,1523571600000,23,36151,362J24M812,,1523571300000
,,B17,53693903,00,1523559600000,00,56573,56721C2Y12,,1523573280000
,,,22209001,29,1523577420000,29,70261,705N37M912,,1523573340000
,,,22209001,29,1523575080000,29,70261,705N97M912,,1523573700000
,,BC6,52496101,00,1523587980000,00,21195,21653EC313,,1523578560000
,,,22345000,71,1523590560000,71,40320,401H78M313,,1523583240000
,,BIA,22191708,00,1523584500000,00,11522,11528I1113,,1523585280000
,,,27936004,79,1523596800000,79,51531,512R50M513,,1523595900000
,,,21724000,88,1523600400000,88,54299,542F04M613,,1523599920000
,,,22268000,27,1523551440000,27,47221,471G422T12,,1523601240000
,,,21936004,79,1523607600000,79,52711,522B66MC13,,1523602980000
,,,24747000,88,1523606820000,88,87201,871A14MC13,,1523606040000
,,BYI,51464780,54,1523607600000,54,46240,466E84CC13,,1523606340000
,,,25390003,25,1523608260000,25,68076,681L36MD13,,1523608500000
,,,24747000,88,1523609160000,88,87980,871A21MD13,,1523609220000
,,,24783000,88,1523610360000,88,87601,872Y19ME13,,1523609760000
,,,24783000,88,1523611320000,88,87801,871P11ME13,,1523609940000
,,,24783000,88,1523611320000,88,87801,871P11ME13,,1523609940000
,,,22350000,23,1523611800000,23,30120,305Z091F13,,1523612340000
,,,22350000,23,1523612700000,23,30120,305Z101F13,,1523612520000
,,,22350000,23,1523611800000,23,30021,305T111F13,,1523612520000
,,,22350000,23,1523613600000,23,30021,305T131G13,,1523613060000
,,,22350000,23,1523614500000,23,30021,305T141G13,,1523613060000
,,,22350000,23,1523613600000,23,30120,305Z111G13,,1523613120000
,,,21726000,88,1523598810000,88,53015,532R25M513,,1523613840000
,,,24784000,88,1523619300000,88,87692,872R49MJ13,,1523616720000
,,C53,57622970,00,1523617320000,00,48304,48631I1I13,,1523620980000
,,CBL,57623070,00,1523619120000,00,15423,15011C1J13,,1523622540000
,,,23541003,60,1523622600000,60,04303,041A75ML13,,1523625420000
,,,25392003,25,1523034750000,25,67117,675P73MT06,,1523628240000
,,,22350000,23,1523628420000,23,30120,302S861O13,,1523628420000
,,,22721000,88,1523629740000,88,87920,872W44MO13,,1523629560000
,,C6N,59120020,00,1523636760000,00,73250,73081BCS13,,1523631060000
,,C6P,59155220,00,1523637600000,00,73250,73082BCS13,,1523631180000
,,,24968000,88,1523632200000,88,87701,872M37MQ13,,1523631240000
,,,24968001,88,1523639580000,88,70261,702O59MU13,,1523631240000
46480A1R13,,C5G,52160345,00,1523633760000,00,46263,46635I1R13,,1523632500000
,,,11871821,23,1523638110000,23,31510,332E19MT13,,1523638320000
,,,23576003,60,1523640840000,60,04303,042P61MV13,,1523641620000
,,,24744000,88,1523643540000,88,86441,862H53MW13,,1523643600000
,,,24788005,88,1523641620000,88,87238,875T20MV13,,1523645100000
,,,22306003,64,1523644200000,64,40320,402C50MX13,,1523646360000
,,,12297820,23,1523648820000,23,36151,362F64MY13,,1523648460000
,,,12355820,23,1523656260000,23,30120,302J461713,,1523652360000
,,CL1,59418041,00,1523664180000,00,79780,81693JCW13,,1523655780000
,,,23575903,60,1523658180000,60,03401,032N483813,,1523658840000
,,,12355820,23,1523657940000,23,30118,305F051813,,1523659320000
,,,12357820,23,1523661390000,23,30120,321C591813,,1523661240000
,,,22974000,23,1523666100000,23,11231,115C59M014,,1523661480000
,,,25210004,74,1523663640000,74,70353,632V72M813,,1523664900000
,,,22974000,23,1523680500000,23,30127,305N12M414,,1523668560000
,,,21806000,23,1523671380000,23,16416,165B35M214,,1523685120000
,,,21806000,23,1523674620000,23,16414,165B10M214,,1523685120000
,,,25460001,25,1523690580000,25,81700,812U04MA14,,1523689860000
,,BE7,72030206,00,1523574600000,00,50406,50389CM912,,1523690040000
,,,22350000,23,1523691000000,23,30120,305Z011B14,,1523691900000
,,DB6,55303021,00,1523694540000,00,18001,18425CCC14,,1523693160000
,,,13571015,60,1523698560000,60,08208,081F58MF14,,1523695320000
,,,13571015,60,1523694840000,60,07257,071F55MD14,,1523695320000
,,,25467001,25,1523700660000,25,83009,832U12MG14,,1523700000000
,,,21727000,88,1523699370000,88,53223,451P11ME14,,1523701200000
,,DNL,59430444,00,1523706720000,00,79780,79675NCJ14,,1523705220000
,,9YL,53693903,00,1523507700000,00,87921,87611O1412,,1523707140000
,,DPM,22462900,54,1523708580000,54,09161,095Z511K14,,1523707980000
,,,21731000,20,1523707350000,20,16495,121P33MH14,,1523709060000
,,,11837920,23,1523730420000,23,16416,161B34MW14,,1523711280000
,,,22350000,23,1523710800000,23,30120,305Z231M14,,1523712120000
,,,22350000,23,1523712600000,23,30021,305T271N14,,1523712420000
,,DSX,55460181,54,1523713620000,54,49139,490E05CN14,,1523715540000
,,,13560015,60,1523714820000,60,06121,062E60MO14,,1523715900000
,,,11837920,23,1523726280000,23,16416,161B32MU14,,1523718180000
,,,12303012,64,1523718240000,64,36053,362G93MP14,,1523718780000
,,DRP,57121020,00,1523713380000,00,88450,88606O1N14,,1523719020000
,,DU4,23587103,60,1523718480000,60,04303,042K63MQ14,,1523719020000
,,,22358000,23,1523719500000,23,09161,092N62MQ14,,1523719500000
,,,22268000,27,1523719320000,27,65630,651L46MQ14,,1523722020000
,,,24743000,88,1523725020000,88,88239,882F78MT14,,1523723520000
,,,22304003,64,1523725380000,64,36001,362G22MU14,,1523726820000
,,,24969000,88,1523731680000,88,87980,871A07MX14,,1523728440000
,,,24969000,88,1523728800000,88,87201,871A94MW14,,1523728680000
,,,24747000,88,1523732280000,88,87980,871A09MX14,,1523728740000
,,,25375002,25,1523730540000,25,79304,791L92MW14,,1523731740000
,,,12355820,23,1523732040000,23,30120,305N911X14,,1523732640000
,,,23575903,60,1523742840000,60,03401,032N66M714,,1523742660000
,,DWW,53790125,00,1523747340000,00,57110,23662O1714,,1523748720000
,,E0X,57610311,00,1523756400000,00,89735,89498C2115,,1523749500000
,,,24604004,80,1523780100000,80,89501,892K22MC15,,1523782080000
,,,25530004,74,1523855700000,74,69410,695U00M516,,1523869620000
,,,21806000,23,1523843220000,23,16414,165B10M116,,1523871420000
,,,24608006,80,1523873040000,80,89363,892T23MG16,,1523872920000
,,,22720001,88,1523875440000,88,63201,632O45MH16,,1523872920000
,,F06,55303021,00,1523877660000,00,18018,18041H1I16,,1523874960000
,,F9M,22244008,50,1523872320000,50,67365,675Z011F16,,1523876580000
,,FA3,51464581,54,1523872200000,54,88753,886V921F16,,1523877240000
,,,25467001,25,1523880540000,25,81911,812D12MK16,,1523878680000
,,,25488001,25,1523884320000,25,81109,812Y18MM16,,1523878680000
,,,25467001,25,1523887800000,25,81911,812D16MO16,,1523878680000
89678V2C16,,FEC,53790121,00,1523865600000,00,89790,89809L2C16,,1523878860000
,,FED,53790121,00,1523867400000,00,89790,89810L2D16,,1523878920000
,,,22721000,88,1523880120000,88,87980,871B26MK16,,1523880180000
,,,22306003,64,1523647620000,64,38201,402C50MX13,,1523880900000
,,,21731000,20,1523883060000,20,12931,121P41ML16,,1523881560000
,,,21381008,33,1523878920000,33,74003,745Z511J16,,1523881740000
,,,21381008,33,1523881380000,33,74003,745Z411K16,,1523881920000
,,,22720000,88,1523881440000,88,62011,622W37MK16,,1523882280000
,,F2V,55303021,00,1523882940000,00,18018,18055H1L16,,1523884380000
,,,13571015,60,1523883000000,60,08105,071F63MK16,,1523884920000
,,,13571015,60,1523883000000,60,08105,071F63MK16,,1523884980000
,,,21381008,33,1523887320000,33,73229,735Z421O16,,1523885340000
,,,21381008,33,1523891040000,33,74003,745Z551Q16,,1523885520000
,,,23563015,60,1523886000000,60,06301,062C38MN16,,1523886720000
,,,12223820,23,1523888880000,23,31510,312N57MO16,,1523887200000
,,,13560015,60,1523890440000,60,06301,062M26MP16,,1523892120000
,,,25488001,25,1523633160000,25,81700,812Y22MQ13,,1523893140000
,,,22721000,88,1523892540000,88,87920,872T48MQ16,,1523893260000
,,,25467001,25,1523637930000,25,81700,812D22MS13,,1523893440000
,,,21702001,61,1523897100000,61,17132,171A41MT16,,1523896800000
,,,24673205,84,1523897640000,84,87181,872J52MT16,,1523897520000
,,,21702001,61,1523896380000,61,54311,541D22MT16,,1523897700000
,,,22112002,65,1523892900000,65,32512,325L902R16,,1523897760000
,,FNA,56661501,00,1523893200000,00,42148,42554KMR16,,1523898240000
,,,13560015,60,1523897640000,60,06301,062M34MT16,,1523898480000
,,,21737000,23,1523897820000,23,30021,301B31MT16,,1523904420000
,,,22112002,65,1523898300000,65,70030,705L912U16,,1523905080000
,,FSI,56661501,00,1523899500000,00,70047,70555KMU16,,1523905260000
,,,21799100,23,1523886600000,23,30120,305Z252N16,,1523905440000
,,,21799100,23,1523906100000,23,30021,305Y252Y16,,1523905500000
,,,21799100,23,1523906580000,23,30120,305Y262Y16,,1523905500000
,,,21799100,23,1523901000000,23,30120,305Z412V16,,1523905680000
,,,21799100,23,1523898000000,23,30120,305P212U16,,1523906340000
,,,21727000,88,1523906160000,88,45106,452P63MY16,,1523907540000
,,,22350000,23,1523905260000,23,29041,302N12MU16,,1523908140000
,,,21799100,23,1523909400000,23,30021,305P262Z16,,1523908560000
,,,21381001,33,1523912640000,33,50328,502W93M716,,1523912400000
,,,12362822,23,1523914140000,23,32530,321N74M716,,1523912400000
,,,22721000,88,1523916120000,88,87980,871W70M816,,1523914980000
,,,24673305,84,1523916540000,84,87212,871D69M816,,1523915520000
,,,24676004,84,1523919840000,84,87687,875Y66M916,,1523915580000
,,G6G,51464580,54,1523917380000,54,09542,096M89C816,,1523916240000
,,G9X,51463180,54,1523920860000,54,21239,216F75C916,,1523917620000
,,G92,51464780,54,1523920200000,54,23451,236H312916,,1523917980000
,,G6G,51464580,54,1523917380000,54,09542,096M89C816,,1523922420000
,,GEU,51464780,54,1523944440000,54,20009,206D33C517,,1523928900000
,,GHM,51464580,54,1523928960000,54,23451,236M892117,,1523929200000
,,GGM,55460087,54,1523930220000,54,74247,745M651117,,1523932620000
,,,24788005,88,1523941860000,88,87643,875G03M517,,1523942160000
,,,24749000,88,1523942760000,88,87701,871E03M517,,1523942160000
,,GTY,54761000,54,1523946000000,54,04720,046M51C617,,1523945760000
,,GTY,54761000,54,1523946000000,54,04720,046M51C617,,1523945880000
,,,21806000,23,1523926380000,23,16416,165B35M017,,1523946600000
,,,21806000,23,1523929620000,23,16414,165B10M117,,1523946600000
,,,21732000,20,1523924160000,20,16416,165P66M017,,1523946660000
,,GQN,52155420,00,1523959320000,00,15400,15655BCA17,,1523950800000
,,,21826000,23,1523948280000,23,21001,212F82M617,,1523950860000
,,GQH,55460080,54,1523944260000,54,81119,815X901517,,1523953500000
,,,12355820,23,1523955000000,23,30120,302J43MD17,,1523953980000
,,,25506005,25,1523954100000,25,74313,742P25MD17,,1523954640000
,,,24659005,80,1523952960000,80,88403,882O23MC17,,1523957940000
,,,23576003,60,1523956140000,60,03401,032P78ME17,,1523959140000
,,,21381001,33,1523745510000,33,50417,522W08M814,,1523960100000
,,,21799100,23,1523960520000,23,30120,305Y082G17,,1523961000000
,,,25370002,25,1523341980000,25,73117,735C03M610,,1523961480000
,,H74,51426930,00,1523967900000,00,19115,19642DCK17,,1523962620000
,,,22350000,23,1523360940000,23,30120,305B231J10,,1523964300000
,,H0W,51464582,54,1523960400000,54,61102,616E89CG17,,1523965740000
,,H0W,51464582,54,1523976780000,54,23309,616E89CG17,,1523966220000
,,HAE,21708001,00,1523958000000,00,42136,42523L2F17,,1523968080000
,,H0S,51426930,00,1524005760000,00,15400,15668CCO17,,1523969760000
,,,22213000,29,1523971980000,29,71040,712F23MN17,,1523970540000
,,,22213000,29,1523973240000,29,71030,712F24MN17,,1523970600000
,1523355090000,,24745000,88,1523355090000,88,87201,872B36MF10,87643,1523972280000
,,,21381008,33,1523977440000,33,74003,745Z551Q17,,1523973060000
,,,13568015,60,1523975220000,60,07257,072A40MO17,,1523974500000
,,,13568015,60,1523977020000,60,07224,072A41MP17,,1523974560000
,,,13568015,60,1523978880000,60,07257,072A44MQ17,,1523974800000
,,,13568015,60,1523982420000,60,07257,072A48MS17,,1523975820000
,,HCT,53790120,00,1523976420000,00,86090,86730ECP17,,1523976000000
,,HBE,52407520,00,1523974020000,00,36100,36495HCO17,,1523977800000
,,HDQ,52407546,00,1523977740000,00,07390,07406ICQ17,,1523977860000
,,,25485001,25,1523973840000,25,82204,822M12MO17,,1523979540000
,,HA0,52406842,00,1523974380000,00,43314,42083LCN17,,1523981460000
,,HA0,52406842,00,1523974380000,00,43314,42083LCN17,,1523981460000
,,,12220821,23,1523987100000,23,18474,182M81MV17,,1523987940000
,,,12220821,23,1523990460000,23,32111,322T781X17,,1523988060000
,,HCE,52406842,00,1523975520000,00,78802,78601ECP17,,1523988060000
,,,12974820,23,1523989500000,23,31300,315L89MW17,,1523989440000
,,,12974820,23,1523989500000,23,31300,315L89MW17,,1523989980000
,,HTS,53790120,00,1523974020000,00,86090,86604GCO17,,1523990880000
,,,21799100,23,1523988900000,23,30021,305Z422W17,,1523993760000
,,,21724000,88,1523989140000,88,54238,532J30MU17,,1523994540000
,,,22358000,23,1523991720000,23,11231,115C33MY17,,1523996460000
,,,21781002,21,1523998800000,21,52741,521P66M717,,1523997120000
,,HYH,56609010,00,1524000900000,00,86093,86016NC717,,1523997180000
,,HWM,54606070,00,1524007200000,00,42159,36492IC717,,1523999460000
,,HVN,51161220,00,1524004500000,00,16502,16620GC817,,1524005640000
,,HR1,51300336,00,1524017010000,00,16502,19667FC717,,1524005760000
,,HNS,59418041,00,1524009780000,00,79780,81638FCW17,,1524008700000
,,I0H,51464580,54,1524023100000,54,09542,096D71C318,,1524020160000
,,IBV,55303020,00,1524020520000,00,18018,18092N1318,,1524020580000
,,,24788005,88,1524023940000,88,87642,875Y00M418,,1524023820000
,,I9W,52407544,00,1524020760000,00,07390,07454JC318,,1524025560000
,,,24788005,88,1524029400000,88,87639,875E10M518,,1524028500000
,,,24749000,88,1524035100000,88,87769,871E10MA18,,1524028560000
,,ICD,51610410,00,1524039000000,00,89735,89466JCC18,,1524029340000
,,,21724000,88,1524032400000,88,54299,542F04M618,,1524031620000
,,,13562015,60,1524036480000,60,07237,075N11MA18,,1524037860000
,,IET,52155420,00,1524045720000,00,15400,15694ICA18,,1524037920000
,,,22720000,88,1524037680000,88,62011,622W19MB18,,1524038820000
,,IAK,52663490,00,1524036600000,00,42162,42079N2B18,,1524041940000
,,,22720000,88,1524044400000,88,62011,621W21MF18,,1524045000000
,,,21799100,23,1524045120000,23,30120,305Z092F18,,1524045900000
,,,22977000,29,1524046380000,29,66519,665U28MG18,,1524047640000
,,I0Q,53693601,00,1524007320000,00,82100,82676G1917,,1524048900000
,,G9A,53693601,00,1523920560000,00,82100,82603K1916,,1524049380000
,,,22974000,23,1524050100000,23,36191,365Z01MI18,,1524049920000
,,,23563015,60,1524050580000,60,07957,072B93MI18,,1524050100000
,,,23563015,60,1524050160000,60,07466,072F23MI18,,1524050100000
,,GQH,55460080,54,1523944260000,54,81119,815X901517,,1524050460000
,,,21733000,20,1524051540000,20,18035,185K52MJ18,,1524050760000
,,,21799100,23,1524050460000,23,30021,305Y092I18,,1524052800000
,,,21381008,33,1524051720000,33,74003,745Z511J18,,1524053280000
,,GKF,54606571,00,1523938800000,00,07278,07600M1417,,1524056040000
,,,25517005,25,1524056310000,25,74723,741K19ML18,,1524057780000
,,,23563015,60,1524046800000,60,07257,072B92MG18,,1524058200000
,,,25506005,25,1524058140000,25,74313,742L38MM18,,1524059940000
,,,11798001,56,1524055740000,56,14040,142I10ML18,,1524061140000
,,,24650005,80,1524064140000,80,87201,872U46MQ18,,1524062100000
,,,25506005,25,1524060540000,25,74313,742M40MO18,,1524064140000
,,,12232820,23,1524060180000,23,42140,425K43MO18,,1524064500000
,,,22204000,30,1524061860000,30,87219,872L20MP18,,1524064740000
,,,22204000,30,1524060960000,30,87219,872L18MO18,,1524065160000
,,ITU,55303021,00,1524060900000,00,21249,21651KCO18,,1524067020000
,,,12355820,23,1524066600000,23,30120,302J40MQ18,,1524067860000
,,J2U,54606070,00,1524060060000,00,07311,07494KCO18,,1524068340000
,,,12254320,29,1524068340000,29,66444,662V42MS18,,1524068460000
,,,22204000,30,1524067200000,30,87219,872L32MS18,,1524069180000
,,,23547003,60,1524065340000,60,01100,011A56MQ18,,1524070740000
,,,22721000,88,1524068610000,88,53104,879S361P18,,1524071100000
,,,12254320,29,1524069810000,29,66409,662V42MS18,,1524071700000
,,,22204000,30,1524070800000,30,87219,872L40MU18,,1524071760000
,,J86,54606070,00,1524086010000,00,42159,33423LCY18,,1524072480000
,,,23563015,60,1524073140000,60,06301,062C14MV18,,1524074100000
,,,23579003,60,1524076680000,60,09161,091Z972X18,,1524074760000
,,,26936004,79,1524076440000,79,52711,521F22MX18,,1524074820000
,,,25530004,74,1524073500000,74,66424,665G74MV18,,1524075360000
,,,13560015,60,1524074820000,60,06121,062E52MW18,,1524075720000
,,,21381001,33,1524071040000,33,50328,502W45MU18,,1524075780000
,,,23547003,60,1524064110000,60,02007,021H33MN18,,1524076980000
,,,12259320,29,1524072780000,29,65630,651W24MV18,,1524077820000
,,,21799100,23,1524075600000,23,30120,305Y242W18,,1524077940000
,,,24787000,88,1524080400000,88,87601,872J97MY18,,1524079320000
,,JBN,72030206,00,1524072330000,00,70047,70535MMU18,,1524079800000
,,,21727000,88,1524076920000,88,54311,541P70MX18,,1524079920000
,,,11825820,23,1524069840000,23,25701,222P75MQ18,,1524079980000
,,,22209000,29,1524079200000,29,70100,721W69MW18,,1524080400000
,,,22204000,30,1524078960000,30,87219,872L08MY18,,1524080760000
,,,22204000,30,1524079860000,30,87219,872L12MY18,,1524081480000
,,,22204000,30,1524080760000,30,87219,872L62MY18,,1524081480000
,,,11807820,23,1524087000000,23,23421,232R94M718,,1524082620000
,,J8J,55460185,54,1524073140000,54,66219,664O76CV18,,1524083100000
,,,21799100,23,1524070800000,23,30120,305P212U18,,1524083520000
,,,21799100,23,1524072300000,23,30120,305Y202U18,,1524083520000
,,,21799100,23,1524073380000,23,30120,305Z392V18,,1524083520000
,,,21799100,23,1524074400000,23,30120,305P232W18,,1524083520000
,,,21799100,23,1524077160000,23,30120,305Z432X18,,1524083520000
,,,21799100,23,1524079380000,23,30120,305Y262Y18,,1524083520000
,,,21799100,23,1524071700000,23,30021,305Z382U18,,1524083700000
,,,21799100,23,1524073500000,23,30021,305P222V18,,1524083700000
,,,21799100,23,1524074280000,23,30021,305Y212V18,,1524083700000
,,,21799100,23,1524075300000,23,30021,305Z422W18,,1524083700000
,,,21799100,23,1524076200000,23,30021,305P242X18,,1524083700000
,,,21799100,23,1524078900000,23,30021,305Y252Y18,,1524083700000
,,,21799100,23,1524081600000,23,30021,305Y272Z18,,1524083700000
,,,21799100,23,1524082200000,23,30021,305P262Z18,,1524083700000
,,,21799100,23,1524043260000,23,30021,305Z062E18,,1524083700000
,,,21799100,23,1524046500000,23,30021,305Z082G18,,1524083760000
,,,21799100,23,1524046920000,23,30021,305Z083G18,,1524083760000
,,,21799100,23,1524048600000,23,30021,305P022H18,,1524083760000
,,,21799100,23,1524050100000,23,30021,305Z142I18,,1524083760000
,,,21799100,23,1524051900000,23,30021,305P042J18,,1524083760000
,,,21799100,23,1524053400000,23,30021,305Z162K18,,1524083760000
,,,21799100,23,1524053700000,23,30021,305Z182K18,,1524083760000
,,,21799100,23,1524054120000,23,30021,305Y112K18,,1524083760000
,,,21799100,23,1524057000000,23,30021,305Z202M18,,1524083760000
,,,21799100,23,1524057300000,23,30021,305Z222M18,,1524083760000
,,,21799100,23,1524057720000,23,30021,305Y132M18,,1524083760000
,,,21799100,23,1524059100000,23,30021,305P062N18,,1524083760000
,,,21799100,23,1524060900000,23,30021,305Z242O18,,1524083760000
,,,21799100,23,1524061200000,23,30021,305Y152O18,,1524083760000
,,,21799100,23,1524062700000,23,30021,305P142P18,,1524083760000
,,,21799100,23,1524064200000,23,30021,305Z282Q18,,1524083760000
,,,21799100,23,1524066300000,23,30021,305P182R18,,1524083760000
,,,21799100,23,1524066600000,23,30021,305P162R18,,1524083760000
,,,21799100,23,1524068400000,23,30021,305Y172S18,,1524083820000
,,,21799100,23,1524041640000,23,30120,305Z052D18,,1524083880000
,,,21799100,23,1524044880000,23,30120,305Z072F18,,1524083880000
,,,21799100,23,1524045600000,23,30120,305P012G18,,1524083880000
,,,21799100,23,1524048180000,23,30120,305Z112H18,,1524083880000
,,,21799100,23,1524048600000,23,30120,305Z132H18,,1524083880000
,,,21799100,23,1524049200000,23,30120,305P032I18,,1524083880000
,,,21799100,23,1524050400000,23,30120,305Y102I18,,1524083880000
,,,21799100,23,1524051780000,23,30120,305Z152J18,,1524083880000
,,,21799100,23,1524052200000,23,30120,305Z172J18,,1524083880000
,,,21799100,23,1524054000000,23,30120,305Y122K18,,1524083880000
,,,21799100,23,1524055380000,23,30120,305Z192L18,,1524083880000
,,,21799100,23,1524055800000,23,30120,305Z212L18,,1524083880000
,,,21799100,23,1524056400000,23,30120,305P052M18,,1524083880000
,,,21799100,23,1524057600000,23,30120,305Y142M18,,1524083880000
,,,21799100,23,1524058980000,23,30120,305Z232N18,,1524083880000
,,,21799100,23,1524059400000,23,30120,305Z252N18,,1524083880000
,,,21799100,23,1524060000000,23,30120,305P132O18,,1524083880000
,,,21799100,23,1524062580000,23,30120,305Z272P18,,1524083880000
,,,21799100,23,1524063600000,23,30120,305P172Q18,,1524083880000
,,,21799100,23,1524064800000,23,30120,305P152Q18,,1524083880000
,,,21799100,23,1524065400000,23,30120,305Y162R18,,1524083940000
,,,21781002,21,1524083400000,21,48231,481P69MZ18,,1524084720000
,,,22214000,30,1524084510000,30,72237,522Y17MZ18,,1524085680000
,,JFK,59418041,00,1524096180000,00,79780,81618NCW18,,1524087600000
,,JKQ,54606070,00,1524085740000,00,33083,33483LC718,,1524089940000
,,JKR,54606070,00,1524089280000,00,33083,33484LC818,,1524089940000
,,,11816820,23,1524074340000,23,19105,232W44MT18,,1524091680000
,,JQH,57120822,00,1524102240000,00,88747,88641OC219,,1524092100000
,,K6D,54606070,00,1524123540000,00,49136,49480MCB19,,1524112380000
,,,22112002,65,1524115080000,65,36173,365K60M519,,1524115620000
,,,24788005,88,1524116880000,88,87920,875J98M519,,1524116880000
,,,21916400,21,1524117000000,21,47413,475H98M519,,1524118860000
,,,12362822,23,1524119700000,23,30021,301U53M619,,1524123420000
,,KB2,52155420,00,1524132120000,00,15400,15692QCA19,,1524125760000
,,,22180014,27,1524066180000,27,86520,321O16MI18,,1524129060000
,,,24680004,91,1524131130000,91,72031,722J21ME19,,1524134640000
,,KKC,51426930,00,1524133980000,00,76110,76604SCH19,,1524134940000
,,,25506005,25,1524145020000,25,74446,742L37MN19,,1524143820000
,,,25506005,25,1524144540000,25,74313,742L38MM19,,1524143820000
,,,25506005,25,1524146820000,25,74446,742L39MO19,,1524143820000
,,,25506005,25,1524148620000,25,74446,742L41MP19,,1524143880000
,,,25506005,25,1524148200000,25,74313,742L42MP19,,1524143940000
,,,25521007,25,1524145290000,25,87722,741O72ML19,,1524145680000
,,,12259320,29,1524142200000,29,70100,651W12MJ19,,1524146820000
,,,22180012,27,1524145080000,27,12931,841S39M619,,1524148020000
,,,24657005,80,1524148740000,80,88403,882I43MP19,,1524148500000
,,,12362822,23,1524145200000,23,30120,305N622N19,,1524148560000
,,,24747000,88,1524149880000,88,87980,871A77MP19,,1524150900000
,,KWG,59120020,00,1524144600000,00,82202,82643TCN19,,1524151140000
,,KMK,51426930,00,1524178560000,00,15400,15637SCO19,,1524151380000
,,,11820820,23,1524149340000,23,17033,172S34MP19,,1524151740000
,,KLF,55303021,00,1524156000000,00,18001,18454NCT19,,1524152160000
,,,12298820,23,1524157320000,23,31510,312F27MU19,,1524152700000
,,,12248822,23,1524154560000,23,36151,361H42MS19,,1524154020000
,,,12249820,23,1524152220000,23,36151,301F07MP19,,1524154680000
,,,24969000,88,1524151920000,88,87911,871A68MQ19,,1524154740000
,,,12248822,23,1524159600000,23,32530,321F92MV19,,1524157020000
,,,24659005,80,1524154920000,80,87601,882B81MR19,,1524157620000
,,,24743000,88,1524156960000,88,89439,871G45MR19,,1524159360000
,,,25462001,25,1524158760000,25,83631,832F49MU19,,1524160440000
,,KUM,52122425,00,1524145800000,00,23150,23623T1N19,,1524161040000
,,KSB,59418042,00,1524142800000,00,74703,74695SCM19,,1524161280000
,,,12233820,23,1524159960000,23,32000,322A92MV19,,1524162420000
,,L4U,56661501,00,1524160200000,00,42148,42534N1V19,,1524163500000
,,,11868821,23,1524168300000,23,18058,182O85MY19,,1524164160000
,,,24743000,88,1524177240000,88,87980,872F99M819,,1524166080000
,,,24743000,88,1524180300000,88,88239,882F12M919,,1524166140000
,,,24783000,88,1524166620000,88,87706,872G86MY19,,1524166980000
,,,25510006,25,1524167400000,25,73822,732W44MY19,,1524167580000
,,,25510006,25,1524167940000,25,73824,732A44MY19,,1524167580000
,,,12362822,23,1524167370000,23,33087,321N71MY19,,1524168840000
,,,24746000,88,1524163560000,88,87201,871F48MX19,,1524169740000
,,,24746000,88,1524163560000,88,87201,871F48MX19,,1524169920000
,,,21700001,61,1524168000000,61,54311,541N33MZ19,,1524170220000
,,,21725000,88,1524178320000,88,54311,541C82M819,,1524174180000
,,,24743000,88,1524169980000,88,89428,891G62MZ19,,1524174420000
,,,24969000,88,1524171600000,88,87201,871A18M719,,1524175860000
,,LL2,72030304,00,1524176880000,00,72410,72092T2819,,1524176880000
,,,22215003,30,1524178140000,30,52051,529A71M819,,1524178500000
,,,22215003,30,1524180960000,30,87625,879B73M919,,1524178500000
,,LCF,52155420,00,1524186690000,00,15400,15634VC919,,1524186240000
,,,22345000,71,1524195360000,71,40320,401H78M320,,1524189900000
,,,24784000,88,1524167640000,88,87801,872P33MY19,,1524193020000
,,LW6,56661501,00,1524197100000,00,70217,70579N1420,,1524197100000
,,,11817020,20,1524194700000,20,25701,251B59M320,,1524202500000
,,,25434000,71,1524204600000,71,64224,641V89M620,,1524204720000
,,,12297820,23,1524201900000,23,36191,365F25M520,,1524205200000
,,,22338000,71,1524213300000,71,40066,402D13MD20,,1524206100000
,,,22338000,71,1524209160000,71,40050,402D12MA20,,1524206100000
,,LN9,51300230,00,1524213360000,00,79780,34424PC919,,1524206340000
,,,25381001,33,1524207240000,33,50328,502W19M620,,1524208380000
,,,24650000,80,1524210960000,80,88422,882C92MB20,,1524208740000
,,,24655005,80,1524213180000,80,88401,882S20MD20,,1524208740000
,,L42,52406840,00,1524174960000,00,09150,07647YCV19,,1524211080000
,,M3U,52155420,00,1524218520000,00,15400,15652YCA20,,1524211500000
,,,11871821,23,1524219960000,23,31510,315F25MG20,,1524214980000
,,,21799100,23,1524214440000,23,30120,305Z052D20,,1524215280000
,,,21725000,88,1524213840000,88,54311,541T08MD20,,1524217020000
,,,12357820,23,1524157080000,23,32000,301U71MR19,,1524219600000
,,,25506005,25,1524085050000,25,74237,731R04MZ18,,1524222120000
,,,25506005,25,1524086790000,25,74237,732N45MZ18,,1524222960000
,,,25460001,25,1524222000000,25,77301,772C73MI20,,1524223920000
,,,24673605,84,1523736120000,84,86031,862F64MZ14,,1524224220000
,,,21381008,33,1524220680000,33,73000,735Z501H20,,1524224460000
,,MHS,57623070,00,1524227280000,00,15686,15620ACK20,,1524224640000
,,,23586003,60,1524227340000,60,04714,042T79MK20,,1524227040000
,,,22320000,28,1524229620000,28,42140,421K14MM20,,1524228660000
,,,25506005,25,1524063180000,25,74237,732N38MN18,,1524228900000
,,M89,56120721,00,1524216780000,00,72027,72603ZCH20,,1524228960000
,,,12297820,23,1524229380000,23,35136,352C17MM20,,1524229680000
,,,22261000,71,1524226140000,71,69215,691J15MK20,,1524230580000
,,MPM,59406341,00,1524236280000,00,83400,83600B2P20,,1524230760000
,,,25509007,25,1524116940000,25,74005,742B04M519,,1524231000000
,,,12240820,23,1524228240000,23,36050,362J62ML20,,1524233220000
,,,21381008,33,1524236640000,33,74003,745Z551Q20,,1524233820000
,,LMS,54606571,00,1524200400000,00,32121,32638B1520,,1524234720000
,,,23586003,60,1524232800000,60,04714,042T85MO20,,1524235140000
,,,24742000,88,1524245400000,88,89351,892E67MV20,,1524239460000
,,,22350000,23,1524236760000,23,30036,292S17MM20,,1524239820000
,,,25462001,25,1524245160000,25,83631,832F49MU20,,1524244440000
,,,21725000,88,1524244440000,88,54311,541T02MU20,,1524244800000
,,MGD,54606070,00,1524231240000,00,49136,49453QCN20,,1524245520000
,,,25471001,25,1524246060000,25,81700,862E26MQ20,,1524247680000
,,,25432000,71,1524250500000,71,77301,801W74MT20,,1524250260000
,,,21731000,20,1524261300000,20,12931,121P71M720,,1524252000000
,,,21781002,21,1524249000000,21,48231,481P61MX20,,1524252960000
,,,25510006,25,1524255000000,25,73822,732W45MZ20,,1524254220000
,,,22350000,23,1524258600000,23,30036,302N10M720,,1524259140000
,,,24671205,84,1524259980000,84,86005,862S72M720,,1524259320000
,,,22244008,50,1524259440000,50,04303,045Z681720,,1524261900000
,,N1X,57620470,00,1524250920000,00,34004,34005X1Y20,,1524263160000
,,,21913000,21,1524262290000,21,47303,472H69M820,,1524266520000
,,,21704001,61,1524271620000,61,04303,045S32M021,,1524272820000
,,NEH,54761000,54,1524277020000,54,46200,466E04C221,,1524273660000
,,NG1,54761000,54,1524277020000,54,46200,466E042221,,1524273780000
,,N18,53790125,00,1524274680000,00,88103,86639C1021,,1524276240000
,,N2R,52407521,00,1524274020000,00,51126,51460RC121,,1524279900000
,,NFU,57622670,00,1524279240000,00,21186,21697DC221,,1524286680000
,,,12362822,23,1524288420000,23,32530,321N52M521,,1524287940000
,,,25506005,25,1524294180000,25,74313,742L08MA21,,1524293280000
,,,12228110,23,1524303300000,23,32541,322N23MF21,,1524298440000
,,,22332000,29,1524300960000,29,67195,672D16MD21,,1524302220000
,,,24657005,80,1524308400000,80,88425,885Z502I21,,1524303900000
,,,12362822,23,1524302160000,23,30021,301C51ME21,,1524305280000
,,NTB,53693803,00,1524306180000,00,65312,65622F2G21,,1524305460000
,,NUM,55460181,54,1524313260000,54,49129,494M26CK21,,1524308760000
,,NUX,57622870,00,1524308280000,00,36510,36637FCH21,,1524309180000
,,,12249820,23,1524313800000,23,30120,301F05ML21,,1524309360000
,,NP7,56120720,00,1524310860000,00,73774,73686E1J21,,1524309900000
,,,12257320,29,1524307560000,29,66433,662V20MH21,,1524310260000
,,,12299820,23,1524308580000,23,36192,361N84MI21,,1524310440000
,,,22254000,29,1524310710000,29,65923,662J31MG21,,1524310800000
,,NND,51161220,00,1524309780000,00,18001,18674ECI21,,1524311460000
,,NWV,55460181,54,1524314040000,54,49139,494M262L21,,1524311700000
,1524313890000,NXK,55122820,00,1524313890000,00,73250,73663FCJ21,73240,1524312660000
,,NQR,56609010,00,1524298080000,00,86093,86030YCC21,,1524314580000
,,,21702001,61,1524317700000,61,54311,541D16MN21,,1524318360000
,,,21702001,61,1524327300000,61,17132,171A40MS21,,1524318420000
,,,22332000,29,1524317820000,29,67214,672S50MN21,,1524319980000
,,,12355820,23,1524322200000,23,30120,302J49MO21,,1524320520000
,,,25429000,71,1524318300000,71,68076,682L59MN21,,1524322080000
,,,12299820,23,1524320940000,23,36151,361N87MO21,,1524322920000
,,,12249820,23,1524324600000,23,30120,301F08MR21,,1524322980000
,,,25530004,74,1524318600000,74,69424,655H232K21,,1524325140000
,,,12355820,23,1524325800000,23,30120,302J40MQ21,,1524326100000
,,MYW,59430443,00,1524250200000,00,79051,79646GCX20,,1524326700000
,,,21702001,61,1524317700000,61,54311,541D16MN21,,1524329400000
,,,21702001,61,1524327300000,61,17132,171A40MS21,,1524329400000
,,,12298820,23,1524329100000,23,36151,362J28MT21,,1524330360000
,,P73,57622970,00,1524333600000,00,27221,27040Z1W21,,1524332580000
,,,23563015,60,1524335580000,60,07496,072L03MX21,,1524338400000
,,,22332000,29,1524337860000,29,76357,762C71MY21,,1524338640000
,,,22215003,30,1524341520000,30,52051,529C60MZ21,,1524340080000
,,,22215003,30,1524339720000,30,52051,529C58MY21,,1524340260000
,,,22215003,30,1524337380000,30,87651,879D55MY21,,1524340440000
,,,22215003,30,1524341040000,30,52051,529A60MZ21,,1524340740000
,,,13562015,60,1524343500000,60,07257,072M82MZ21,,1524341760000
,,,13562015,60,1524345540000,60,07416,072M83M721,,1524341820000
,,,22180011,27,1524332820000,27,86520,865E682V21,,1524342060000
,,,13560015,60,1524340140000,60,04303,042H47MY21,,1524343140000
,,,25375002,25,1524343500000,25,73000,731B91MZ21,,1524343860000
,,,13561015,60,1524343890000,60,06521,072V43MZ21,,1524344640000
,,,13567015,60,1524350820000,60,07257,072J10M821,,1524346500000
,,,13567015,60,1524353280000,60,07231,072J31M921,,1524346560000
,,,22332000,29,1524346200000,29,67214,672H75M721,,1524350400000
,,PAC,53790125,00,1524350820000,00,23430,23616H2821,,1524351000000
,,P8X,53790125,00,1524352470000,00,17135,23600H1721,,1524353940000
,,PH4,57610316,00,1524413520000,00,35550,35080Z1S22,,1524387840000
,,,25905000,86,1524390480000,86,73767,731Y40MF22,,1524390960000
,,PFS,53790125,00,1524399540000,00,09150,09646I1K22,,1524393180000
,,,21724000,88,1524394920000,88,54238,542B22MH22,,1524396180000
,,,25375002,25,1524400320000,25,79701,795L601L22,,1524396240000
,,,21921000,30,1524397200000,30,72419,722J24MJ22,,1524397980000
,,,25370002,25,1524391500000,25,73000,731C09MG22,,1524399360000
,,037,52407548,00,1524428040000,00,05077,05441TCZ22,,1524403920000
,,,21730001,20,1524409200000,20,32530,321S71MQ22,,1524404760000
,,,25375002,25,1524422700000,25,79701,795L951X22,,1524408240000
,,,12362822,23,1524398040000,23,33087,301U61MH22,,1524411660000
,,,22185002,27,1524411270000,27,65630,695D102Q22,,1524413400000
,,,12224820,23,1524423900000,23,35001,352H08MY22,,1524419400000
,,,25375002,25,1524420330000,25,77301,731B51MR22,,1524421020000
,,,25370002,25,1524425400000,25,73000,731C28MY22,,1524426840000
,,,25470001,25,1524424080000,25,86311,861F34MY22,,1524432720000
,,05T,53694003,00,1524438420000,00,75010,75652J1922,,1524433260000
,,0AS,23556003,35,1524430080000,35,07257,070C111Z22,,1524434220000
,,,25392003,25,1524437400000,25,74446,741P881822,,1524434460000
,,0FF,54761000,54,1524439800000,54,46200,460H062922,,1524441360000
,,02C,51426030,00,1524463800000,00,15400,79608JCN22,,1524445200000
,,,21799000,23,1524464220000,23,12714,125D10M623,,1524456780000
,,0FL,55303021,00,1524464100000,00,21249,21686KC623,,1524458520000
,,0SD,52495100,00,1524474060000,00,86090,86646MCE23,,1524461460000
,,0RG,55303021,00,1524467100000,00,18001,18443U1A23,,1524463920000
,,,27936004,79,1524462210000,79,51402,522R54M523,,1524464580000
,,0N8,54606070,00,1524461100000,00,07311,07423UC523,,1524465420000
,,,12224110,23,1524471660000,23,35136,352J02MC23,,1524470640000
,,,21899002,21,1524472800000,21,48231,481K65MD23,,1524473820000
,,,21899002,21,1524478200000,21,47221,471K66MG23,,1524473880000
,,,12225820,23,1524476700000,23,31510,312L61MF23,,1524474480000
,,,25470001,25,1524473940000,25,87980,871V94MD23,,1524475560000
,,0UV,55460480,54,1524477420000,54,49413,496P41CF23,,1524477240000
,,,21726000,88,1524476820000,88,47214,472T43MF23,,1524479820000
,,,22150000,28,1524339870000,28,27263,631F60MV21,,1524482640000
,,,24968001,88,1524481980000,88,70261,702O35MI23,,1524482880000
,,1A9,51464581,54,1524484800000,54,89366,896K39CK23,,1524486300000
,,0RB,52495100,00,1524458400000,00,57403,57011B2423,,1524487500000
,,1BY,59406441,00,1524500940000,00,85229,85657OCS23,,1524487920000
,,,21733000,20,1524490560000,20,17132,191K15ML23,,1524490680000
,,18C,51426930,00,1524494640000,00,15400,15613OCM23,,1524492240000
,1524441600000,,25505005,24,1524441600000,24,73777,732T44MN20,73767,1524492540000
,,14E,59430444,00,1524491700000,00,76471,76664N1K23,,1524494100000
,,14E,59430444,00,1524491700000,00,76471,76664N1K23,,1524494280000
,,14E,59430444,00,1524491700000,00,76471,76664N1K23,,1524494460000
,,10A,51464680,54,1524492240000,54,22054,226M592O23,,1524495000000
,,,25474001,25,1524229020000,25,85734,852A85ML20,,1524495960000
,,,25470001,25,1524319350000,25,82101,771F17ML21,,1524497520000
,,,25397003,25,1524418200000,25,81700,841A28MQ22,,1524498960000
,,,23548003,60,1524506460000,60,04303,041R05MW23,,1524502140000
,,,25470001,25,1524503460000,25,82101,822F96MU23,,1524502560000
,,,25530004,74,1524505500000,74,66424,665G74MV23,,1524502980000
,,,21737000,23,1524497850000,23,30120,301B27MQ23,,1524504360000
,,,25390003,25,1524504960000,25,73000,731G60MV23,,1524505080000
,,,12297820,23,1524510060000,23,36151,362F62MY23,,1524510540000
,,1P7,55122820,00,1524511800000,00,51406,51692PCY23,,1524510540000
,,,12240820,23,1524513360000,23,31510,362J61MX23,,1524513300000
,,,12362822,23,1524516060000,23,30021,301U81MZ23,,1524516600000
,,,22218000,30,1524519510000,30,87572,529N62M723,,1524519900000
,,,22214000,30,1524517080000,30,52226,522N23MZ23,,1524520320000
,,,22215003,30,1524519180000,30,87651,879D65M723,,1524520920000
,,1U1,56161420,00,1524538140000,00,73250,73663QC224,,1524522300000
,,1HW,53693803,00,1524523200000,00,49012,49626P1823,,1524523620000
,,215,55460082,54,1524527100000,54,73424,736X10C923,,1524524580000
,,1Y8,52155420,00,1524532290000,00,15400,15621RC923,,1524525780000
,,1WG,54606070,00,1524520380000,00,36311,36434WC723,,1524526500000
,,1QE,52495100,00,1524525150000,00,87945,87618Q1923,,1524526920000
,,,12302012,64,1524469440000,64,35003,355G03MB23,,1524529380000
,,1XP,59120049,00,1524540300000,00,73250,73611RC324,,1524537540000
,,28B,54606070,00,1524538080000,00,17184,17486WC224,,1524537720000
,,27W,54606070,00,1524537240000,00,42159,42484WC224,,1524541500000
,,22B,53121220,00,1524546360000,00,81233,81668RC524,,1524546900000
,,,24788005,88,1524549600000,88,87639,875L13M624,,1524550320000
,,,24784000,88,1524551880000,88,87743,872P13M624,,1524550380000
,,,24788005,88,1524551250000,88,87704,875L13M624,,1524551340000
,,,24658005,80,1524555540000,80,88401,882L16MB24,,1524552060000
,,24P,59120020,00,1524551160000,00,82243,82771HCA24,,1524553680000
,,,22300000,29,1524557040000,29,65005,651T333C24,,1524555900000
,,2MG,51300230,00,1524556800000,00,34007,34001FCC24,,1524557520000
,,24P,59120020,00,1524551160000,00,82243,82771HCA24,,1524558900000
,,,12297820,23,1524562320000,23,36151,362F66MF24,,1524559800000
,,,12249820,23,1524562200000,23,30120,301F07MF24,,1524560400000
,,2KU,54606570,00,1524558000000,00,83006,83688TCC24,,1524560640000
,,2IN,52495100,00,1524550380000,00,82100,82071EC624,,1524561600000
,,,11810920,23,1524564840000,23,25701,252N20MG24,,1524562140000
,,,21799100,23,1524561600000,23,30120,305Y062E24,,1524562620000
,,,25448000,71,1524561420000,71,78351,782P27ME24,,1524562920000
,,2TZ,51425330,00,1524567060000,00,77090,77680U1H24,,1524563400000
,,,22974000,23,1524563700000,23,30021,305Y072F24,,1524564540000
,,29I,59120042,00,1524559920000,00,74706,74776HCD24,,1524565980000
,1524577830000,2H1,56120720,00,1524577830000,00,73250,82646TCH24,73240,1524566100000
,,2NJ,54606570,00,1524561600000,00,83006,83611UCE24,,1524566160000
,,2P2,56661501,00,1524561900000,00,81524,81520Q2E24,,1524567000000
,,2V5,55303021,00,1524564900000,00,21249,21696UCG24,,1524567180000
,1524572100000,2WL,52160340,00,1524572100000,00,73666,73617VCH24,73663,1524567300000
,,2TJ,51426930,00,1524562860000,00,21244,21033FCF24,,1524568320000
,,,22977000,29,1524563700000,29,65630,665T601F24,,1524569580000
,,305,51463180,54,1524569220000,54,12225,126F64CI24,,1524573600000
,,2PK,59430444,00,1524578520000,00,79780,79626UCN24,,1524573720000
,,2ZH,54606571,00,1524570780000,00,42159,42085FC324,,1524576540000
,,,22721000,88,1524576780000,88,87911,871B30MM24,,1524576660000
,1524577200000,2T3,59120020,00,1524577200000,00,73250,89665UCI24,73240,1524576960000
,,,22977000,29,1524578040000,29,66519,665P50MN24,,1524577980000
,,2H7,57120823,00,1524570840000,00,88730,87648TCF24,,1524579120000
,,,22350000,23,1524594000000,23,30120,305Y242W24,,1524580860000
,,,22361000,23,1524603000000,23,11001,112C25MZ24,,1524581460000
,,,22332000,29,1524588420000,29,67195,672S70MT24,,1524587040000
,,,21853000,23,1524595800000,23,25701,251L96MX24,,1524588000000
,,39Q,52495100,00,1524591000000,00,82100,82657WCV24,,1524589200000
,,,12298820,23,1524589320000,23,31510,312F27MU24,,1524590400000
,,,12297820,23,1524591180000,23,35136,352C39MV24,,1524591000000
,,,11838821,23,1524591360000,23,19007,192C83MV24,,1524592200000
,,3M3,53121220,00,1524593940000,00,65700,65608YCW24,,1524599700000
,,,12240820,23,1524599760000,23,31510,362J61MX24,,1524600960000
,,3BX,59120020,00,1524595680000,00,73671,73718ICX24,,1524601020000
,,34H,53790121,00,1524581340000,00,55215,55606WCP24,,1524604920000
,,3C4,52407548,00,1524607080000,00,70081,70482YC724,,1524607800000
,,3RM,52155420,00,1524618690000,00,15400,15667YC924,,1524609660000
,,3MW,54606070,00,1524606780000,00,36311,36432ZC724,,1524610200000
,,3QP,54606070,00,1524610380000,00,86531,86442ZC824,,1524610740000
,,,12302012,64,1524555840000,64,35003,355G03MB24,,1524616860000
,,431,57623070,00,1524628020000,00,15686,15621AC325,,1524621360000
,,,25514005,25,1524633540000,25,74446,742M02M525,,1524629820000
,,40B,54606571,00,1524625200000,00,89744,89676Z3325,,1524632820000
,,,12357820,23,1524633720000,23,11231,111U52M525,,1524633900000
,,,22350000,23,1524636000000,23,30161,305U53M625,,1524634920000
,,3WI,59120020,00,1524637560000,00,82243,82746ICA25,,1524641880000
,,,24657000,80,1524644880000,80,88464,882D21MC25,,1524642600000
,,,22351000,23,1524641580000,23,30120,302F02MB25,,1524643080000
,,,22351000,23,1524643680000,23,36001,362N03MC25,,1524643080000
,,,12355820,23,1524640620000,23,30120,302H04M625,,1524645840000
,,,12355820,23,1524644400000,23,30120,302H06MB25,,1524645900000
,,,23576003,60,1524644820000,60,04303,045P06MC25,,1524646080000
,,,24608006,80,1524650640000,80,89363,892T23MG25,,1524646680000
,,,22974000,23,1524647940000,23,30021,305Z062E25,,1524646920000
,,,22974000,23,1524654600000,23,30021,305Z122I25,,1524647220000
,,41J,59120042,00,1524646320000,00,74705,74750ICD25,,1524647220000
,,,12242110,23,1524648600000,23,31620,312J64MF25,,1524648000000
,,4GQ,51464581,54,1524649620000,54,63031,636M32CF25,,1524649260000
,,4M5,51464581,54,1524658680000,54,73800,736O85CK25,,1524649320000
,,,23563015,60,1524649170000,60,06301,062C22MF25,,1524650340000
,,,21799100,23,1524650400000,23,30120,305P012G25,,1524652080000
,,,24788005,88,1524561600000,88,87980,875A14ME24,,1524653220000
,,4LJ,54606570,00,1524650280000,00,42159,42076I1F25,,1524657300000
,,,22330000,29,1524657720000,29,42140,421U30MK25,,1524657420000
,,4NI,50520220,00,1524665400000,00,36100,36090I1O25,,1524657540000
,,,23563015,60,1524658200000,60,06301,062C32MK25,,1524660900000
,,4LR,22244008,50,1524658440000,50,42140,425Z851I25,,1524661680000
,,,13560015,60,1524659820000,60,06121,062E54ML25,,1524662880000
,,,22974000,23,1524669600000,23,30120,305P152Q25,,1524665280000
,,,22974000,23,1524675600000,23,30120,305P212U25,,1524665280000
,,,22974000,23,1524672000000,23,30120,305P192S25,,1524665280000
,,,21799100,23,1524679200000,23,30120,305P232W25,,1524665280000
,,,21799100,23,1524683400000,23,30120,305P252Y25,,1524665340000
,,4RS,23558003,35,1524661200000,35,07962,075Y112M25,,1524667260000
,,,21865000,23,1524672360000,23,17132,171Y45MS25,,1524668820000
,,,21865000,23,1524680220000,23,55247,551Y52MW25,,1524668820000
,,,12249820,23,1524677400000,23,30120,301F05MV25,,1524670680000
,,,21853000,23,1524678000000,23,17132,171L71MV25,,1524674640000
,,,21853000,23,1524682200000,23,25701,251L96MX25,,1524674640000
,,,22720001,88,1524677400000,88,62011,621O19MV25,,1524677100000
,,,22722000,88,1524683580000,88,87671,872O20MY25,,1524677160000
,,5B5,57622970,00,1524694560000,00,34111,34631FC825,,1524685020000
,,,21799100,23,1524683400000,23,30021,305Z442Y25,,1524685200000
,,,24782000,88,1524693180000,88,87692,872S75M725,,1524689280000
,,,24969000,88,1524695400000,88,87201,871A24M825,,1524696660000
,,,12355820,23,1524698220000,23,31510,312N98M925,,1524698400000
,,,24788005,88,1524699360000,88,88254,885F52M925,,1524700320000
,,,12302012,64,1524642240000,64,35003,355G03MB25,,1524704340000
,,,12974820,23,1524705600000,23,30120,305T001126,,1524705000000
,,,22974000,23,1524717300000,23,30127,305N12M426,,1524720240000
,,,22812000,28,1524731580000,28,45106,452K28MD26,,1524728340000
,,61H,52495100,00,1524721260000,00,65700,65041L1526,,1524729660000
,,5SX,51426930,00,1524734760000,00,15400,22633HC426,,1524731580000
,,,21913000,21,1524738360000,21,47221,472B65MG26,,1524735420000
,,,12291820,23,1524743220000,23,36151,362F30MJ26,,1524743580000
,,,12297820,23,1524744060000,23,36151,362F56MK26,,1524743640000
,,675,59120020,00,1524749100000,00,73250,73730JCM26,,1524743700000
,,,12291820,23,1524747060000,23,35531,352F27ML26,,1524744060000
,,6GZ,54606070,00,1524744780000,00,17184,17420ECK26,,1524745740000
,,6P8,54606070,00,1524755700000,00,42159,42454ECQ26,,1524754320000
,,667,54605010,00,1524748500000,00,64815,64688ICM26,,1524756780000
,,,24650000,80,1524758940000,80,87201,872U02MS26,,1524759120000
,,6NY,56661501,00,1524751740000,00,36191,36085M2O26,,1524761520000
,,,21799100,23,1524761400000,23,30021,305Y192T26,,1524762120000
,,,23541003,60,1524762120000,60,04303,041L11MU26,,1524762540000
,,,22721000,88,1524764100000,88,87980,871W82MV26,,1524764160000
,,,12357820,23,1524780000000,23,32530,321C59M826,,1524765780000
,,,22215003,30,1524766800000,30,87651,879D52MW26,,1524766800000
,,7AK,55460181,54,1524795300000,54,49129,494M06C227,,1524792240000
,,7RW,51465080,54,1524797820000,54,89726,894L632227,,1524800220000
,,,12357820,23,1524811680000,23,11231,111U56M627,,1524814260000
,,85Q,52155420,00,1524826200000,00,36047,36640RCH27,,1524820380000
,,7QV,51464581,54,1524801000000,54,58112,580F791327,,1524826380000
,,7PW,51464581,54,1524803400000,54,58042,586F791427,,1524826440000
,,,24657005,80,1524825060000,80,88721,882D30MH27,,1524826680000
,,824,22462901,54,1524823440000,54,04303,045H84MG27,,1524829260000
,,,21737000,23,1524826500000,23,29150,301B17MG27,,1524829860000
,,,13560015,60,1524830040000,60,06521,062V66MH27,,1524830220000
,,88P,51460680,54,1524827280000,54,42148,420Z732I27,,1524832920000
,,,25467001,25,1524520140000,25,83421,832M723723,,1524832920000
,,,22268000,27,1524827760000,27,46273,471N51MG27,,1524833040000
,,,13561015,60,1524835740000,60,07301,072V39MM27,,1524835140000
,,2Z2,51464780,54,1524573720000,54,46240,466E88CL24,,1524836880000
,,6P9,55460080,54,1524735060000,54,74237,745Z911F26,,1524837180000
,,,25478001,25,1524565200000,25,85521,852T72MG24,,1524837840000
,,8JP,53790125,00,1524839100000,00,56590,56052Q2O27,,1524838680000
,,,25434000,71,1524842460000,71,76357,762V181Q27,,1524840180000
,,8FR,56461883,54,1524842100000,54,12224,124N86CN27,,1524840720000
,,8BS,52496101,00,1524837780000,00,56585,21618S3J27,,1524841020000
,,,21737000,23,1524843450000,23,30120,301B27MQ27,,1524843660000
,,,12225110,23,1524838320000,23,31510,312K68MO27,,1524843840000
,,,22974000,23,1524842340000,23,30118,305C55MQ27,,1524847200000
,,,22720000,88,1524359580000,88,87245,872W832122,,1524847380000
,,,12248822,23,1524848340000,23,33087,361H42MS27,,1524848940000
,,,12357820,23,1524848280000,23,32000,301U71MR27,,1524849120000
,,,24783000,88,1524856020000,88,87706,872G84MY27,,1524852000000
,,,22351000,23,1524848940000,23,36001,362N07MU27,,1524854640000
,,,21730001,20,1524849540000,20,33087,321S81MU27,,1524854880000
,,,21730001,20,1524853140000,20,33087,321S83MW27,,1524854880000
,,877,56609010,00,1524851820000,00,74456,74410HCT27,,1524856320000
,,,22112001,65,1524857640000,65,42140,721C94MV27,,1524858120000
,,8P1,54606070,00,1524868800000,00,51127,51484HC827,,1524858480000
,,8TK,54606070,00,1524850200000,00,86531,86497HCV27,,1524860340000
,,8HW,52160345,00,1524843360000,00,46263,46683S1R27,,1524867600000
,,7EG,59430442,00,1524787800000,00,79780,79690UC027,,1524868080000
,,8ZM,54606070,00,1524884220000,00,49136,49437IC228,,1524870540000
,,990,59430442,00,1524890400000,00,79780,79651V1428,,1524882960000
,,8UU,53790125,00,1524883860000,00,62209,56605U1Z27,,1524883860000
,,99X,54606070,00,1524908760000,00,49136,49400JCF28,,1524894240000
,,971,59418041,00,1524903630000,00,79780,80628VC528,,1524894660000
,,9AM,55460080,54,1524889140000,54,15866,155X151428,,1524895260000
,,9BA,55460080,54,1524890940000,54,15866,155X551428,,1524895440000
,,,24744000,88,1524898500000,88,86321,861N11M628,,1524899760000
,,99X,54606070,00,1524908760000,00,49136,49400JCF28,,1524900180000
,,,12362822,23,1524896940000,23,32530,321N531628,,1524902340000
,,9HR,56661501,00,1524905700000,00,70099,70562T1D28,,1524906540000
,,9FS,56609010,00,1524906000000,00,36330,36036S1E28,,1524907740000
,,,12362822,23,1524902220000,23,32530,321N551B28,,1524907800000
,,,24623404,84,1524912720000,84,86122,861V22MH28,,1524908580000
,,,24623404,84,1524919860000,84,81700,811O48ML28,,1524908640000
,,,25392003,25,1524909240000,25,74237,761P31MA28,,1524910020000
,,,12298820,23,1524913320000,23,31510,312F25MI28,,1524914700000
,,9NI,23558003,35,1524913440000,35,72111,720A11MI28,,1524917640000
,,,12291820,23,1524923220000,23,36151,362F34MN28,,1524921300000
,,,12291820,23,1524927060000,23,35531,352F35MP28,,1524921360000
,,97E,56661501,00,1524913530000,00,89475,57541TM428,,1524924960000
,,9V6,54606571,00,1524937260000,00,23432,23676X1V28,,1524928440000
,,9WF,54606571,00,1524947160000,00,42159,42690X1Z28,,1524933420000
,,,23563015,60,1524939030000,60,06350,062R14MW28,,1524941040000
,,,21921000,30,1524940500000,30,72419,722J99MX28,,1524941340000
,,,22215003,30,1524943980000,30,87651,879D57MY28,,1524945120000
,,,25432000,71,1524949020000,71,64224,641Z212Z28,,1524949860000
,,,13561015,60,1524954360000,60,07301,072V51M828,,1524955680000
,,A37,51464081,54,1524955800000,54,21253,210R331828,,1524959760000
,,9V5,53790125,00,1524963330000,00,54238,23675X1728,,1524963060000
,,,21700001,61,1524990180000,61,23421,161Y14MC29,,1524991860000
,,,21725000,88,1524995520000,88,54311,541C48MF29,,1524994920000
,,A7C,72030305,00,1524998100000,00,85729,85507U1H29,,1524996060000
,,,21702001,61,1525005180000,61,54311,541D14ML29,,1524998040000
,,,24936004,79,1524982680000,79,51531,512Z001629,,1524998880000
,,,22974000,23,1525004400000,23,30021,305Y112K29,,1525005660000
,,,22974000,23,1525009800000,23,30021,305Y212N29,,1525009920000
,,AAE,55303021,00,1525001040000,00,18018,18017UCI29,,1525010460000
,,,22974000,23,1525010100000,23,30120,305Y222N29,,1525011660000
,,,21701001,61,1524994800000,61,01100,011E17MF29,,1525014000000
,,,22974000,23,1525014000000,23,30021,305Y252Q29,,1525015380000
,,,24782000,88,1525015620000,88,87643,872S90MP29,,1525016520000
,,,24782000,88,1525016040000,88,87651,872S90MP29,,1525017720000
,,,25392003,25,1525032900000,25,67214,671Z851Z29,,1525032720000
,,,24783000,88,1525040640000,88,87601,872P11M829,,1525033500000
,,,24788005,88,1525044840000,88,87707,875G61M929,,1525033500000
,,,22304003,64,1525033200000,64,36001,362G33MZ29,,1525033620000
,,AJ0,51413030,00,1525042500000,00,21204,21647BC829,,1525036680000
,,ATG,56461880,54,1525069500000,54,13006,136H12C630,,1525062120000
,,,23564903,60,1525068360000,60,04230,045Y71M630,,1525068360000
,,,22350000,23,1525072800000,23,29030,292S15MA30,,1525069020000
,,,21737000,23,1525070280000,23,30120,301B09M630,,1525071420000
,,,24745000,88,1525072200000,88,87941,872C07MA30,,1525072260000
,,AWF,57121020,00,1525070700000,00,88450,88633DC530,,1525072800000
,,,24748000,88,1525076760000,88,86441,861C15MC30,,1525073040000
,,,12305012,64,1525069260000,64,38001,382W01M630,,1525073280000
,,,13561015,60,1525076820000,60,07301,072V57MC30,,1525079700000
,,0YH,95999801,00,1524473160000,00,89357,89327KCD23,,1525081380000
,,B1R,56661501,00,1525072260000,00,23419,23050VCA30,,1525081680000
,,97E,56661501,00,1524890520000,00,57408,57542UM428,,1525082640000
,,,25936005,79,1524982380000,79,51602,515Z001629,,1525083240000
,,BCU,56460581,54,1525104000000,54,59006,590Z521S30,,1525083780000
,,,22215003,30,1524959760000,30,52051,529T751928,,1525084140000
,,BG1,23556003,35,1525090500000,35,72111,720A11MK30,,1525087380000
,,,13560015,60,1525087560000,60,06109,062H54MI30,,1525087680000
,,BFS,51464581,54,1525093920000,54,54213,546O12CM30,,1525088220000
,,,25467001,25,1524520140000,25,83421,832M722723,,1525088340000
,,,22722000,88,1525091880000,88,87671,872V48ML30,,1525091760000
,,,22720000,88,1525092840000,88,62011,622T39ML30,,1525095780000
,,BLT,55460480,54,1525098420000,54,48015,480A331O30,,1525097760000
,,,23563015,60,1525097340000,60,06301,062C40MO30,,1525098300000
,,BGT,52495800,00,1525103400000,00,84081,84085W1R30,,1525099920000
,,,12220821,23,1525106880000,23,18474,182N60MT30,,1525101900000
,,BSU,54761000,54,1525106100000,54,89366,890Y232T30,,1525104360000
,,BHN,59406441,00,1525096200000,00,85105,85684FCN30,,1525109160000
,,,21725000,88,1525115880000,88,54311,542T36MY30,,1525112760000
,,BZQ,51300335,00,1525115100000,00,16502,16084X1Y30,,1525114560000
,,,24604004,80,1525118700000,80,89611,892K52MZ30,,1525120140000
,,,24655005,80,1525122300000,80,88401,882S74M730,,1525122720000
,,C45,51426030,00,1525125120000,00,79780,79628IC830,,1525124640000
,,,22215003,30,1525128120000,30,87643,529C67M730,,1525129260000
,,,22304003,64,1525131450000,64,36028,362G39M930,,1525135680000
